"","text","favorited","favoriteCount","replyToSN","created","truncated","replyToSID","id","replyToUID","statusSource","screenName","retweetCount","isRetweet","retweeted","longitude","latitude"
"1","@IndosatCare silahkan cek jamnya, saya pake internet 3 bukan indosat. Selalu pulsa tiba2 kesedot iakng kayak gini https://t.co/IjQ1HKspfh","FALSE","0","IndosatCare","42996.052256944","FALSE","#N/A","909586583812055040","548904824","<a href=""http://twitter.com/download/android"" rel=""nofollow"">Twitter for Android</a>","chemikerarya","0","FALSE","FALSE","#N/A","#N/A"
"2","Pantang Habis Internet Mati! Pastikan Paket Data Indosat Ooredoo Masih Ada https://t.co/Q5Cju0bOLi","FALSE","0","#N/A","42996.042083333","FALSE","#N/A","909582897094459393","#N/A","<a href=""http://bufferapp.com"" rel=""nofollow"">Buffer</a>","kevinando_","0","FALSE","FALSE","#N/A","#N/A"
"3","Pantang Habis Internet Mati! Pastikan Paket Data Indosat Ooredoo Masih Ada https://t.co/6aDnRvk5qw","FALSE","0","#N/A","42996.042048611","FALSE","#N/A","909582884847194112","#N/A","<a href=""http://bufferapp.com"" rel=""nofollow"">Buffer</a>","meaputry","0","FALSE","FALSE","#N/A","#N/A"
"4","Pantang Habis Internet Mati! Pastikan Paket Data Indosat Ooredoo Masih Ada https://t.co/W28dRHjjbN","FALSE","0","#N/A","42996.042025463","FALSE","#N/A","909582874185273344","#N/A","<a href=""http://bufferapp.com"" rel=""nofollow"">Buffer</a>","gracefhn","0","FALSE","FALSE","#N/A","#N/A"
"5","Pantang Habis Internet Mati! Pastikan Paket Data Indosat Ooredoo Masih Ada https://t.co/VqrOcxjmT6","FALSE","0","#N/A","42996.041990741","FALSE","#N/A","909582864467075072","#N/A","<a href=""http://bufferapp.com"" rel=""nofollow"">Buffer</a>","RiskyMalanoo","0","FALSE","FALSE","#N/A","#N/A"
"6","Pantang Habis Internet Mati! Pastikan Paket Data Indosat Ooredoo Masih Ada https://t.co/vcx9c6vEDH","FALSE","0","#N/A","42996.041886574","FALSE","#N/A","909582825023778816","#N/A","<a href=""http://bufferapp.com"" rel=""nofollow"">Buffer</a>","janetraul","0","FALSE","FALSE","#N/A","#N/A"
"7","Pantang Habis Internet Mati! Pastikan Paket Data Indosat Ooredoo Masih Ada https://t.co/Hmfm93FM4t","FALSE","0","#N/A","42996.041863426","FALSE","#N/A","909582817566298112","#N/A","<a href=""http://bufferapp.com"" rel=""nofollow"">Buffer</a>","Dianaaaa06","0","FALSE","FALSE","#N/A","#N/A"
"8","Pantang Habis Internet Mati! Pastikan Paket Data Indosat Ooredoo Masih Ada https://t.co/M3MRj9jd3x","FALSE","0","#N/A","42996.041863426","FALSE","#N/A","909582816853323776","#N/A","<a href=""http://bufferapp.com"" rel=""nofollow"">Buffer</a>","KorganoS","0","FALSE","FALSE","#N/A","#N/A"
"9","Pantang Habis Internet Mati! Pastikan Paket Data Indosat Ooredoo Masih Ada https://t.co/EQyVxJ11Fv","FALSE","0","#N/A","42996.041863426","FALSE","#N/A","909582816786157568","#N/A","<a href=""http://bufferapp.com"" rel=""nofollow"">Buffer</a>","jalantikuscom","0","FALSE","FALSE","#N/A","#N/A"
"10","Pantang Habis Internet Mati! Pastikan Paket Data Indosat Ooredoo Masih Ada https://t.co/vD6YzpP3Gz","FALSE","0","#N/A","42996.041840278","FALSE","#N/A","909582808389242880","#N/A","<a href=""http://bufferapp.com"" rel=""nofollow"">Buffer</a>","BAGAS31com","0","FALSE","FALSE","#N/A","#N/A"
"11","Pantang Habis Internet Mati! Pastikan Paket Data Indosat Ooredoo Masih Ada https://t.co/EE8l6CbzVh","FALSE","0","#N/A","42996.041828704","FALSE","#N/A","909582804081668098","#N/A","<a href=""http://bufferapp.com"" rel=""nofollow"">Buffer</a>","bayubeef","0","FALSE","FALSE","#N/A","#N/A"
"12","Pantang Habis Internet Mati! Pastikan Paket Data Indosat Ooredoo Masih Ada https://t.co/55Gfvl7Fok","FALSE","0","#N/A","42996.041805556","FALSE","#N/A","909582796603187205","#N/A","<a href=""http://bufferapp.com"" rel=""nofollow"">Buffer</a>","veryluckylady88","0","FALSE","FALSE","#N/A","#N/A"
"13","Pantang Habis Internet Mati! Pastikan Paket Data Indosat Ooredoo Masih Ada https://t.co/s0xJz4fHn8","FALSE","0","#N/A","42996.041736111","FALSE","#N/A","909582769298141186","#N/A","<a href=""http://bufferapp.com"" rel=""nofollow"">Buffer</a>","reymanasse","0","FALSE","FALSE","#N/A","#N/A"
"14","@IndosatCare Halo Indosat, saya kirim dm. Internet sy tdk bisa aktif sdh 2 hari. Thanks.","FALSE","0","IndosatCare","42995.974606481","FALSE","908504204930457600","909558444432138240","548904824","<a href=""http://twitter.com/download/android"" rel=""nofollow"">Twitter for Android</a>","sarahafriyana","0","FALSE","FALSE","#N/A","#N/A"
"15","IndosatCare: naailul_ghufron Hai kak, bisa cek setting APNnya ya. Nama diisi INDOSAT, APN diisi INTERNET. Untuk proxy dan lainnya dikosongk…","FALSE","0","#N/A","42995.782928241","FALSE","#N/A","909488982655979521","#N/A","<a href=""https://ifttt.com"" rel=""nofollow"">IFTTT</a>","jichanngmin","0","FALSE","FALSE","#N/A","#N/A"
"16","IndosatCare: naailul_ghufron Hai kak, bisa cek setting APNnya ya. Nama diisi INDOSAT, APN diisi INTERNET. Untuk proxy dan lainnya dikosongk…","FALSE","0","#N/A","42995.78150463","FALSE","#N/A","909488468237127680","#N/A","<a href=""https://ifttt.com"" rel=""nofollow"">IFTTT</a>","vocdkaf","0","FALSE","FALSE","#N/A","#N/A"
"17","naailul_ghufron Hai kak, bisa cek setting APNnya ya. Nama diisi INDOSAT, APN diisi INTERNET. Untuk proxy dan lainnya dikosongkan. ^Vita","FALSE","0","#N/A","42995.775891204","FALSE","#N/A","909486433441902592","#N/A","<a href=""https://ifttt.com"" rel=""nofollow"">IFTTT</a>","pakjimiin95","0","FALSE","FALSE","#N/A","#N/A"
"18","IndosatCare: naailul_ghufron Hai kak, bisa cek setting APNnya ya. Nama diisi INDOSAT, APN diisi INTERNET. Untuk proxy dan lainnya dikosongk…","FALSE","0","#N/A","42995.774421296","FALSE","#N/A","909485900836503552","#N/A","<a href=""https://ifttt.com"" rel=""nofollow"">IFTTT</a>","99XNCTMARK","0","FALSE","FALSE","#N/A","#N/A"
"19","IndosatCare: naailul_ghufron Hai kak, bisa cek setting APNnya ya. Nama diisi INDOSAT, APN diisi INTERNET. Untuk proxy dan lainnya dikosongk…","FALSE","0","#N/A","42995.773877315","FALSE","#N/A","909485701300924417","#N/A","<a href=""https://ifttt.com"" rel=""nofollow"">IFTTT</a>","INSPIKMS","0","FALSE","FALSE","#N/A","#N/A"
"20","IndosatCare: naailul_ghufron Hai kak, bisa cek setting APNnya ya. Nama diisi INDOSAT, APN diisi INTERNET. Untuk proxy dan lainnya dikosongk…","FALSE","0","#N/A","42995.773831019","FALSE","#N/A","909485687128432646","#N/A","<a href=""https://ifttt.com"" rel=""nofollow"">IFTTT</a>","sehunkrp","0","FALSE","FALSE","#N/A","#N/A"
"21","IndosatCare: naailul_ghufron Hai kak, bisa cek setting APNnya ya. Nama diisi INDOSAT, APN diisi INTERNET. Untuk proxy dan lainnya dikosongk…","FALSE","0","#N/A","42995.773773148","FALSE","#N/A","909485662411378688","#N/A","<a href=""https://ifttt.com"" rel=""nofollow"">IFTTT</a>","kidmiuw","0","FALSE","FALSE","#N/A","#N/A"
"22","IndosatCare: naailul_ghufron Hai kak, bisa cek setting APNnya ya. Nama diisi INDOSAT, APN diisi INTERNET. Untuk proxy dan lainnya dikosongk…","FALSE","0","#N/A","42995.773240741","FALSE","#N/A","909485470769467394","#N/A","<a href=""https://ifttt.com"" rel=""nofollow"">IFTTT</a>","notkim_msl","0","FALSE","FALSE","#N/A","#N/A"
"23","@naailul_ghufron Hai kak, bisa cek setting APNnya ya. Nama diisi INDOSAT, APN diisi INTERNET. Untuk proxy dan lainnya dikosongkan. ^Vita","FALSE","0","naailul_ghufron","42995.772951389","FALSE","909439451721375749","909485368625446912","99353406","<a href=""https://twitter.com/IndosatCare"" rel=""nofollow"">indosatcare</a>","IndosatCare","0","FALSE","FALSE","#N/A","#N/A"
"24","lumayan kecewa dan kesel pake kartu indosat, selalu saja pembaruan sistem, internet lemot jadinya...@IndosatCare","FALSE","0","#N/A","42995.770636574","FALSE","#N/A","909484526736252929","#N/A","<a href=""http://twitter.com/download/android"" rel=""nofollow"">Twitter for Android</a>","hendri4kjb","0","FALSE","FALSE","#N/A","#N/A"
"25","indosat super internet 4,5GB https://t.co/gGoGnVlVso #indosat #indosatsuperinternet #seo #web 089635111111","FALSE","0","#N/A","42995.770578704","FALSE","#N/A","909484505357991936","#N/A","<a href=""http://twittbot.net/"" rel=""nofollow"">twittbot.net</a>","juraganpulsaid_","0","FALSE","FALSE","#N/A","#N/A"
"26","@IndosatCare Dear mimin, kenapa ya koneksi internet Indosat sekarang jadi LEMOT PARAAAAHHHH???","FALSE","0","IndosatCare","42995.741145833","FALSE","#N/A","909473839595233280","548904824","<a href=""http://twitter.com/download/android"" rel=""nofollow"">Twitter for Android</a>","wachidrahman","0","FALSE","FALSE","#N/A","#N/A"
"27","@IndosatCare katanya beli freedom internet plus dapet gratis kuota 10gb , tapi mana malah gaada bonusnya , mau nipu atu gimana indosat ?","FALSE","0","IndosatCare","42995.678761574","FALSE","#N/A","909451231956844544","548904824","<a href=""http://twitter.com/download/android"" rel=""nofollow"">Twitter for Android</a>","zhena86291207","0","FALSE","FALSE","#N/A","#N/A"
"28","@PetekLebay Nang indosat tek, temenku diganti internet 8gb mbek pulsa 50rb kwkw","FALSE","0","PetekLebay","42995.616076389","FALSE","909341208241041408","909428515094843393","42216276","<a href=""http://twitter.com/download/iphone"" rel=""nofollow"">Twitter for iPhone</a>","DanarBonar","0","FALSE","FALSE","#N/A","#N/A"
"29","@IndosatCare Gimana solusi atas pertanyaan saya,atau memang daerah saya tidak support data internet indosat sehingga sinyal sangat jelek","FALSE","0","IndosatCare","42995.490532407","FALSE","909364557348347904","909383023086333952","548904824","<a href=""http://twitter.com/download/iphone"" rel=""nofollow"">Twitter for iPhone</a>","meiandri1","0","FALSE","FALSE","#N/A","#N/A"
"30","@IndosatCare min, saya pengguna indosat. Mendadak jaringan internet terputus &amp; layanan telp tidak bisa di gunakan","FALSE","0","IndosatCare","42995.416041667","FALSE","#N/A","909356027434254336","548904824","<a href=""http://twitter.com/download/iphone"" rel=""nofollow"">Twitter for iPhone</a>","aloysius_bagus","0","FALSE","FALSE","#N/A","#N/A"
"31","@IM3OoredooBTA Aku pakai Indosat Ooredoo dari thn 2015, karena tarifnya nelpon &amp; internet murah,jaringan kuat &amp; sta… https://t.co/MTuTeEY3TP","FALSE","0","IM3OoredooBTA","42995.394027778","TRUE","909308171964911616","909348047724802048","1070021317","<a href=""http://twitter.com/download/android"" rel=""nofollow"">Twitter for Android</a>","andi_angler57","0","FALSE","FALSE","#N/A","#N/A"
"32","@IndosatCare Indosat saya tidak bisa untuk SMS dan internet !!! FU*KK!!!","FALSE","0","IndosatCare","42995.388287037","FALSE","#N/A","909345970118320129","548904824","<a href=""http://twitter.com/download/android"" rel=""nofollow"">Twitter for Android</a>","xrammor","0","FALSE","FALSE","#N/A","#N/A"
"33","RT @kidyeriu: @jjekak Untuk mendapatkan kuota silahkan lelang acc mu untuk membeli pulsa dan lakukan pendaftaran paket internet dari indosa…","FALSE","0","#N/A","42995.340127315","FALSE","#N/A","909328514481917952","#N/A","<a href=""http://twitter.com/download/android"" rel=""nofollow"">Twitter for Android</a>","jjekak","1","TRUE","FALSE","#N/A","#N/A"
"34","@jjekak Untuk mendapatkan kuota silahkan lelang acc mu untuk membeli pulsa dan lakukan pendaftaran paket internet dari indosat ooredo y","FALSE","0","jjekak","42995.33900463","FALSE","909327437732782080","909328109513596928","3736632134","<a href=""http://twitter.com/download/android"" rel=""nofollow"">Twitter for Android</a>","kidyeriu","1","FALSE","FALSE","#N/A","#N/A"
"35","Jiaannn... menyebalkan... indosat makin busuk aja...
Sinyal H kok gak bisa buat apa2.. sms, tilpun dan internet sam… https://t.co/617sP1ZX52","FALSE","0","#N/A","42995.271516204","TRUE","#N/A","909303651100794880","#N/A","<a href=""http://twitter.com/download/android"" rel=""nofollow"">Twitter for Android</a>","MasNanoSP","0","FALSE","FALSE","#N/A","#N/A"
"36","ISI ULANG PAKET INTERNET INDOSAT,XL,AXIS,TRI,TELKOMSEL TANPA GANTI KARTU

Indosat kartu baru… https://t.co/CEECOo4XUd","FALSE","0","#N/A","42995.25255787","FALSE","#N/A","909296781959286786","#N/A","<a href=""http://instagram.com"" rel=""nofollow"">Instagram</a>","azisnurfatoni","0","FALSE","FALSE","#N/A","#N/A"
"37","@mayaretha @IndosatCare @IndosatOoredoo Bner bgt nih indosat kebanyakan sponsorin,kebanyakan promo promo tapi kuali… https://t.co/0y7S0SwkyO","FALSE","0","mayaretha","42995.250196759","TRUE","904921203567034368","909295924966338561","59811885","<a href=""http://twitter.com/download/android"" rel=""nofollow"">Twitter for Android</a>","HypersexChandra","0","FALSE","FALSE","#N/A","#N/A"
"38","Udah mah speedy down... indosat dari kemaren bobrok...

Muznah saja aq dari internet","FALSE","0","#N/A","42995.189548611","FALSE","#N/A","909273950420475904","#N/A","<a href=""http://twitter.com/download/android"" rel=""nofollow"">Twitter for Android</a>","sevencol0rs","0","FALSE","FALSE","#N/A","#N/A"
"39","@IndosatCare kk indosat ini knp y dr kmrin jm 2 siang smpi jm 8 malam sinyal hilang,pagi ini internet 4g indosat er… https://t.co/aiQXV6nWTm","FALSE","0","IndosatCare","42995.176828704","TRUE","#N/A","909269339357847558","548904824","<a href=""http://twitter.com/download/android"" rel=""nofollow"">Twitter for Android</a>","xtrada_2004","0","FALSE","FALSE","#N/A","#N/A"
"40","@IndosatCare pagi menjelang siang indosat, hari minggu internet lemot amat, jaringannya libur yak..? Lemot banget nich daerah balongbendo","FALSE","0","IndosatCare","42995.168333333","FALSE","#N/A","909266260206034944","548904824","<a href=""http://twitter.com/download/android"" rel=""nofollow"">Twitter for Android</a>","Lupine_civic","0","FALSE","FALSE","#N/A","#N/A"
"41","@IndosatCare internet indosat home perbulan brp ya min?","FALSE","0","IndosatCare","42995.146967593","FALSE","#N/A","909258515885129728","548904824","<a href=""http://twitter.com/download/android"" rel=""nofollow"">Twitter for Android</a>","najlasptian","0","FALSE","FALSE","#N/A","#N/A"
"42","Ayo luncurkan promo mur4h indosat internet.","FALSE","0","#N/A","42995.133402778","FALSE","#N/A","909253603529052160","#N/A","<a href=""https://mobile.twitter.com"" rel=""nofollow"">Mobile Web (M2)</a>","sugengr76489465","0","FALSE","FALSE","#N/A","#N/A"
"43","indosat super internet 4,5GB https://t.co/gGoGnVlVso #indosat #indosatsuperinternet #seo #web 089635111111","FALSE","0","#N/A","42995.083148148","FALSE","#N/A","909235389583331334","#N/A","<a href=""http://twittbot.net/"" rel=""nofollow"">twittbot.net</a>","juraganpulsaid_","0","FALSE","FALSE","#N/A","#N/A"
"44","Kmrn internet pake kuota indosat oredoo biar kadang"" macet tapi kuota aman sampe sebulan bahkan lebih.","FALSE","0","andreasafriza","42994.79056713","FALSE","909129034361053185","909129362053545984","138458604","<a href=""http://twitter.com/download/iphone"" rel=""nofollow"">Twitter for iPhone</a>","andreasafriza","0","FALSE","FALSE","#N/A","#N/A"
"45","@IndosatCare pulsa saya hilang tiba-tiba, paket Internet yang terpakai masih dalam batas penggunaan dan telepon hanya sesama indosat","FALSE","0","IndosatCare","42994.789907407","FALSE","#N/A","909129122848182272","548904824","<a href=""http://twitter.com/download/android"" rel=""nofollow"">Twitter for Android</a>","SephyNoerfahmy","0","FALSE","FALSE","#N/A","#N/A"
"46","@IndosatCare min, daripada promo paket internet mendingan perbaiki aja jaringan internetnya indosat.","FALSE","0","IndosatCare","42994.720231481","FALSE","#N/A","909103873054277632","548904824","<a href=""http://twitter.com/download/android"" rel=""nofollow"">Twitter for Android</a>","hendra_septaa","0","FALSE","FALSE","#N/A","#N/A"
"47","@IndosatCare halo indosat, ingin meminta klarifikasinya, saya mengalami gangguan ketika registrasi paket internet.… https://t.co/sbnd3O3F5O","FALSE","0","IndosatCare","42994.712662037","TRUE","#N/A","909101129891377152","548904824","<a href=""https://mobile.twitter.com"" rel=""nofollow"">Twitter Lite</a>","milamaulinda","0","FALSE","FALSE","#N/A","#N/A"
"48","Cari kuota internet Indosat Ooredoo murah? Di serbaPay aja!!! https://t.co/4JoqR2KZoW  #forumku @forumkucom","FALSE","0","#N/A","42994.712280093","FALSE","#N/A","909100990317645824","#N/A","<a href=""http://www.forumku.com"" rel=""nofollow"">forumku</a>","forumkucom","0","FALSE","FALSE","#N/A","#N/A"
"49","Dear customer care Indosat Ooredoo, mohon bantuannya untuk perbaikan jaringan Internet. Saat ini saya tidak bisa akses internet.","FALSE","0","#N/A","42994.638645833","FALSE","#N/A","909074308827250689","#N/A","<a href=""http://twitter.com/download/android"" rel=""nofollow"">Twitter for Android</a>","manto_abuto","0","FALSE","FALSE","#N/A","#N/A"
"50","@IndosatCare koneksi internet saya sejak awal beli lemot sekali. Ini ada apaan sih indosat?!!!!!! Tanggapin kek!!!","FALSE","0","IndosatCare","42994.6028125","FALSE","#N/A","909061322452615168","548904824","<a href=""http://twitter.com/download/iphone"" rel=""nofollow"">Twitter for iPhone</a>","argatrisna","0","FALSE","FALSE","#N/A","#N/A"
"51","RT @alianarisma_: @IndosatCare jaringan internet Indosat di Balaraja Tangerang sering ilang.. tolong ditangani","FALSE","0","#N/A","42994.558888889","FALSE","#N/A","909045405362429952","#N/A","<a href=""http://twitter.com/download/android"" rel=""nofollow"">Twitter for Android</a>","lelaki_perkasaa","1","TRUE","FALSE","#N/A","#N/A"
"52","Abis komplain ke indosat,,,, legaaaaa... Kalau jaringan bapuk terus,  gw ga kuat. Ganti aja. Untuk pemakaian internet bikin pening","FALSE","0","#N/A","42994.551168981","FALSE","#N/A","909042609364000768","#N/A","<a href=""http://twitter.com/download/android"" rel=""nofollow"">Twitter for Android</a>","88_heny","0","FALSE","FALSE","#N/A","#N/A"
"53","GAK NGERTI LAGI SAMA INDOSAT INI TULISANNYA JELAS JELAS 4G TAPI NOT CONNECTED TO INTERNET","FALSE","0","#N/A","42994.52412037","FALSE","#N/A","909032805740318720","#N/A","<a href=""http://twitter.com/download/android"" rel=""nofollow"">Twitter for Android</a>","wohtaehyungs","0","FALSE","FALSE","#N/A","#N/A"
"54","liat nih kelakuan speed koneksi lo @indosatcare , ini kalo diadu kencengan kang somay pake sepeda sama speed intern… https://t.co/shSGjHPt2o","FALSE","0","#N/A","42994.520972222","TRUE","#N/A","909031662922502144","#N/A","<a href=""https://mobile.twitter.com"" rel=""nofollow"">Twitter Lite</a>","indyDEWANTARA","0","FALSE","FALSE","#N/A","#N/A"
"55","@IndosatCare cek kuota free nelpon sesama indosat yg sepaket dgn pembelian paket internet dial nya brapa ya ??","FALSE","0","IndosatCare","42994.485856481","FALSE","#N/A","909018938725384192","548904824","<a href=""http://twitter.com/download/android"" rel=""nofollow"">Twitter for Android</a>","Sir_Pranata","0","FALSE","FALSE","#N/A","#N/A"
"56","@IndosatCare min nomor indosat saya gak ada akses internet y ? Pdhal signal bagus, tlong d bantu","FALSE","0","IndosatCare","42994.453530093","FALSE","#N/A","909007224462237697","548904824","<a href=""https://mobile.twitter.com"" rel=""nofollow"">Twitter Lite</a>","nugrohomulyono","0","FALSE","FALSE","#N/A","#N/A"
"57","indosat super internet 4,5GB https://t.co/gGoGnVlVso #indosat #indosatsuperinternet #seo #web 089635111111","FALSE","0","#N/A","42994.396122685","FALSE","#N/A","908986421142183936","#N/A","<a href=""http://twittbot.net/"" rel=""nofollow"">twittbot.net</a>","juraganpulsaid_","0","FALSE","FALSE","#N/A","#N/A"
"58","@witrisuri Haha iyo tii. Od  bli perdanany utk kuota internet se. Dek murah. Wkk Hbs kuotany ndk ka bali2 perdana i… https://t.co/DAqZoM0yiT","FALSE","0","witrisuri","42994.393634259","TRUE","908883341943775232","908985520927105024","42827371","<a href=""http://twitter.com/download/android"" rel=""nofollow"">Twitter for Android</a>","audaudri","0","FALSE","FALSE","#N/A","#N/A"
"59","@IndosatCare selamat sore CS indosat, saya ingin menanyakan caranya berhenti berlangganan paket internet harian itu bagaimana? 
Terima kasih","FALSE","0","IndosatCare","42994.38869213","FALSE","#N/A","908983728956829696","548904824","<a href=""http://twitter.com/download/android"" rel=""nofollow"">Twitter for Android</a>","Sangidah3","0","FALSE","FALSE","#N/A","#N/A"
"60","@IndosatCare besok""mending ga usah ada jaringan internet indosat deh, drpda cuma bikin pelanggan kesel doang kareba super LEMOTnya","FALSE","0","IndosatCare","42994.38337963","FALSE","908515757482323968","908981802819133440","548904824","<a href=""http://twitter.com/download/android"" rel=""nofollow"">Twitter for Android</a>","bongsangmahdi2","0","FALSE","FALSE","#N/A","#N/A"
"61","@OngeSZ Malah telkomsel kena mention terus bales wkwk. Paket internet paling enak apaan sik ya? Eug pake pasca indosat kok lelet ya :(","FALSE","0","OngeSZ","42994.35962963","FALSE","908972406290620416","908973195960582144","55790782","<a href=""https://about.twitter.com/products/tweetdeck"" rel=""nofollow"">TweetDeck</a>","gitawiryawan","0","FALSE","FALSE","#N/A","#N/A"
"62","@IndosatCare Apa Indosat punya paket hemat nelpon dan internet di luar negeri","FALSE","0","IndosatCare","42994.281840278","FALSE","908944207888314368","908945004688637953","548904824","<a href=""https://mobile.twitter.com"" rel=""nofollow"">Twitter Lite</a>","IndahUlfi","0","FALSE","FALSE","#N/A","#N/A"
"63","IndosatCare: JubirNetizen Hai kak, untuk freedom combo ada bonus teleponnya kesesama indosat kak, namun untuk freedom internet plus tidak a…","FALSE","0","#N/A","42994.25025463","FALSE","#N/A","908933560433815552","#N/A","<a href=""https://ifttt.com"" rel=""nofollow"">IFTTT</a>","99XNCTMARK","0","FALSE","FALSE","#N/A","#N/A"
"64","IndosatCare: Mpam90 Hai kak, silahakn cek setting APNnya ya. Nama diisi INDOSAT, APN diisi INTERNET. Untuk proxy dan lainnya dikosongkan. ^…","FALSE","0","#N/A","42994.248055556","FALSE","#N/A","908932764573032449","#N/A","<a href=""https://ifttt.com"" rel=""nofollow"">IFTTT</a>","tetehyungrl","0","FALSE","FALSE","#N/A","#N/A"
"65","IndosatCare: Mpam90 Hai kak, silahakn cek setting APNnya ya. Nama diisi INDOSAT, APN diisi INTERNET. Untuk proxy dan lainnya dikosongkan. ^…","FALSE","0","#N/A","42994.248032407","FALSE","#N/A","908932753298780160","#N/A","<a href=""https://ifttt.com"" rel=""nofollow"">IFTTT</a>","jichanngmin","0","FALSE","FALSE","#N/A","#N/A"
"66","Mpam90 Hai kak, silahakn cek setting APNnya ya. Nama diisi INDOSAT, APN diisi INTERNET. Untuk proxy dan lainnya dikosongkan. ^Vita","FALSE","0","#N/A","42994.247986111","FALSE","#N/A","908932736987131904","#N/A","<a href=""https://ifttt.com"" rel=""nofollow"">IFTTT</a>","pakjimiin95","0","FALSE","FALSE","#N/A","#N/A"
"67","@IndosatCare indosat lg gangguan apa kok tlp cs ga bs internet jg muter doank.","FALSE","0","IndosatCare","42994.247789352","FALSE","#N/A","908932665465741312","548904824","<a href=""http://twitter.com/download/android"" rel=""nofollow"">Twitter for Android</a>","antoardi4343","0","FALSE","FALSE","#N/A","#N/A"
"68","Mpam90 Hai kak, silahakn cek setting APNnya ya. Nama diisi INDOSAT, APN diisi INTERNET. Untuk proxy dan lainnya dikosongkan. ^Vita","FALSE","0","#N/A","42994.247650463","FALSE","#N/A","908932614156881920","#N/A","<a href=""https://ifttt.com"" rel=""nofollow"">IFTTT</a>","jeomwxnwoo","0","FALSE","FALSE","#N/A","#N/A"
"69","IndosatCare: Mpam90 Hai kak, silahakn cek setting APNnya ya. Nama diisi INDOSAT, APN diisi INTERNET. Untuk proxy dan lainnya dikosongkan. ^…","FALSE","0","#N/A","42994.247361111","FALSE","#N/A","908932509903310848","#N/A","<a href=""https://ifttt.com"" rel=""nofollow"">IFTTT</a>","notkim_msl","0","FALSE","FALSE","#N/A","#N/A"
"70","@IndosatCare indosat lagi ganguan atau gmna ya kok aq tlp ga bs n internet jg muter doank.","FALSE","0","IndosatCare","42994.247141204","FALSE","#N/A","908932433558388737","548904824","<a href=""http://twitter.com/download/android"" rel=""nofollow"">Twitter for Android</a>","antoardi4343","0","FALSE","FALSE","#N/A","#N/A"
"71","IndosatCare: Mpam90 Hai kak, silahakn cek setting APNnya ya. Nama diisi INDOSAT, APN diisi INTERNET. Untuk proxy dan lainnya dikosongkan. ^…","FALSE","0","#N/A","42994.246944444","FALSE","#N/A","908932360519012353","#N/A","<a href=""https://ifttt.com"" rel=""nofollow"">IFTTT</a>","vocdkaf","0","FALSE","FALSE","#N/A","#N/A"
"72","IndosatCare: Mpam90 Hai kak, silahakn cek setting APNnya ya. Nama diisi INDOSAT, APN diisi INTERNET. Untuk proxy dan lainnya dikosongkan. ^…","FALSE","0","#N/A","42994.246747685","FALSE","#N/A","908932286976004096","#N/A","<a href=""https://ifttt.com"" rel=""nofollow"">IFTTT</a>","sehunkrp","0","FALSE","FALSE","#N/A","#N/A"
"73","IndosatCare: Mpam90 Hai kak, silahakn cek setting APNnya ya. Nama diisi INDOSAT, APN diisi INTERNET. Untuk proxy dan lainnya dikosongkan. ^…","FALSE","0","#N/A","42994.24662037","FALSE","#N/A","908932242038296576","#N/A","<a href=""https://ifttt.com"" rel=""nofollow"">IFTTT</a>","GOLCHABOY","0","FALSE","FALSE","#N/A","#N/A"
"74","IndosatCare: Mpam90 Hai kak, silahakn cek setting APNnya ya. Nama diisi INDOSAT, APN diisi INTERNET. Untuk proxy dan lainnya dikosongkan. ^…","FALSE","0","#N/A","42994.245972222","FALSE","#N/A","908932008927272960","#N/A","<a href=""https://ifttt.com"" rel=""nofollow"">IFTTT</a>","kidmiuw","0","FALSE","FALSE","#N/A","#N/A"
"75","@Mpam90 Hai kak, silahakn cek setting APNnya ya. Nama diisi INDOSAT, APN diisi INTERNET. Untuk proxy dan lainnya dikosongkan. ^Vita","FALSE","0","Mpam90","42994.245752315","FALSE","908930386050260992","908931929554132992","279047664","<a href=""https://twitter.com/IndosatCare"" rel=""nofollow"">indosatcare</a>","IndosatCare","0","FALSE","FALSE","#N/A","#N/A"
"76","JubirNetizen Hai kak, untuk freedom combo ada bonus teleponnya kesesama indosat kak, namun untuk freedom internet plus tidak ada ya. ^Vita","FALSE","0","#N/A","42994.244884259","FALSE","#N/A","908931612565557248","#N/A","<a href=""https://ifttt.com"" rel=""nofollow"">IFTTT</a>","pakjimiin95","0","FALSE","FALSE","#N/A","#N/A"
"77","IndosatCare: JubirNetizen Hai kak, untuk freedom combo ada bonus teleponnya kesesama indosat kak, namun untuk freedom internet plus tidak a…","FALSE","0","#N/A","42994.244722222","FALSE","#N/A","908931553048317952","#N/A","<a href=""https://ifttt.com"" rel=""nofollow"">IFTTT</a>","INSPIKSG","0","FALSE","FALSE","#N/A","#N/A"
"78","JubirNetizen Hai kak, untuk freedom combo ada bonus teleponnya kesesama indosat kak, namun untuk freedom internet plus tidak ada ya. ^Vita","FALSE","0","#N/A","42994.243900463","FALSE","#N/A","908931257958060033","#N/A","<a href=""https://ifttt.com"" rel=""nofollow"">IFTTT</a>","jeomwxnwoo","0","FALSE","FALSE","#N/A","#N/A"
"79","IndosatCare: JubirNetizen Hai kak, untuk freedom combo ada bonus teleponnya kesesama indosat kak, namun untuk freedom internet plus tidak a…","FALSE","0","#N/A","42994.243506944","FALSE","#N/A","908931112981991424","#N/A","<a href=""https://ifttt.com"" rel=""nofollow"">IFTTT</a>","vocdkaf","0","FALSE","FALSE","#N/A","#N/A"
"80","IndosatCare: JubirNetizen Hai kak, untuk freedom combo ada bonus teleponnya kesesama indosat kak, namun untuk freedom internet plus tidak a…","FALSE","0","#N/A","42994.242893519","FALSE","#N/A","908930894035144704","#N/A","<a href=""https://ifttt.com"" rel=""nofollow"">IFTTT</a>","vbtskr","0","FALSE","FALSE","#N/A","#N/A"
"81","IndosatCare: JubirNetizen Hai kak, untuk freedom combo ada bonus teleponnya kesesama indosat kak, namun untuk freedom internet plus tidak a…","FALSE","0","#N/A","42994.242800926","FALSE","#N/A","908930859650224129","#N/A","<a href=""https://ifttt.com"" rel=""nofollow"">IFTTT</a>","jichanngmin","0","FALSE","FALSE","#N/A","#N/A"
"82","@JubirNetizen Hai kak, untuk freedom combo ada bonus teleponnya kesesama indosat kak, namun untuk freedom internet plus tidak ada ya. ^Vita","FALSE","0","JubirNetizen","42994.242280093","FALSE","908928795670847488","908930671921344516","2758237058","<a href=""https://twitter.com/IndosatCare"" rel=""nofollow"">indosatcare</a>","IndosatCare","0","FALSE","FALSE","#N/A","#N/A"
"83","Bapak/Ibu @Afiq12456 @Boeng_ALi @KikieVTRanarkhi butuh paket data internet Indosat/Telkomsel/XL/3 bisa hubungi @PemudaPulsa. WA: 0818134049.","FALSE","0","#N/A","42994.111527778","FALSE","#N/A","908883286046384128","#N/A","<a href=""http://twitter.com"" rel=""nofollow"">Twitter Web Client</a>","PemudaPulsa","0","FALSE","FALSE","#N/A","#N/A"
"84","Bapak/Ibu @chilmaharani @RLagertha @tiwik1226 butuh paket data internet Indosat/Telkomsel/XL/3 bisa hubungi @PemudaPulsa. WA: 0818134049.","FALSE","0","#N/A","42994.090520833","FALSE","#N/A","908875672273149952","#N/A","<a href=""http://twitter.com"" rel=""nofollow"">Twitter Web Client</a>","PemudaPulsa","0","FALSE","FALSE","#N/A","#N/A"
"85","Bapak/Ibu @fujigitta @malaaanaim @rahmanrendy_ butuh paket data internet Indosat/Telkomsel/XL/3 bisa hubungi @PemudaPulsa. WA: 0818134049.","FALSE","0","#N/A","42994.088680556","FALSE","#N/A","908875006888652800","#N/A","<a href=""http://twitter.com"" rel=""nofollow"">Twitter Web Client</a>","PemudaPulsa","0","FALSE","FALSE","#N/A","#N/A"
"86","@IndosatCare pak maaf kok speed internet 4G indosat saya lelet bangat ya  daerah bekasi . Saya download menggunakan sinyal 4G speednya 400kb","FALSE","0","IndosatCare","42994.065555556","FALSE","#N/A","908866627243991040","548904824","<a href=""http://twitter.com/download/android"" rel=""nofollow"">Twitter for Android</a>","me_veranda","0","FALSE","FALSE","#N/A","#N/A"
"87","@IndosatCare jaringan internet Indosat di Balaraja Tangerang sering ilang.. tolong ditangani","FALSE","0","IndosatCare","42994.010243056","FALSE","#N/A","908846582816063489","548904824","<a href=""https://mobile.twitter.com"" rel=""nofollow"">Twitter Lite</a>","alianarisma_","1","FALSE","FALSE","#N/A","#N/A"
"88","Mungking indosat lelah RT @trifenatambuwun: Halo @IndosatCare saat ini saya gak ada sinyal internet sama skli, ada apakah lagi dgn indosat?","FALSE","1","#N/A","42993.986793981","FALSE","#N/A","908838084636172288","#N/A","<a href=""http://www.echofon.com/"" rel=""nofollow"">Echofon</a>","rullyelevenb","0","FALSE","FALSE","#N/A","#N/A"
"89","indosat super internet 4,5GB https://t.co/gGoGnVlVso #indosat #indosatsuperinternet #seo #web 089635111111","FALSE","0","#N/A","42993.708009259","FALSE","#N/A","908737056632737792","#N/A","<a href=""http://twittbot.net/"" rel=""nofollow"">twittbot.net</a>","juraganpulsaid_","0","FALSE","FALSE","#N/A","#N/A"
"90","@IndosatCare kak, hari ini sejak siang tadi indosat trouble ya untuk daerah sewon bantul Yogyakarta. Sinyal ilang2 gbs connect internet","FALSE","0","IndosatCare","42993.697141204","FALSE","#N/A","908733119506767873","548904824","<a href=""http://twitter.com/download/android"" rel=""nofollow"">Twitter for Android</a>","Charlexius","0","FALSE","FALSE","#N/A","#N/A"
"91","@IndosatCare admin yang terhormat, tolong yaa konfirmasinya. Saya gabisa pake internet sama sekali dengan jaringan apapun dari indosat","FALSE","0","IndosatCare","42993.695300926","FALSE","#N/A","908732453153472512","548904824","<a href=""http://twitter.com/download/android"" rel=""nofollow"">Twitter for Android</a>","WestiAnggrn","0","FALSE","FALSE","#N/A","#N/A"
"92","@IndosatCare malam min , temen nanya kok jaringan internet  indosat di jatibening pondokgede gangguan trus ??","FALSE","0","IndosatCare","42993.593703704","FALSE","#N/A","908695633212563457","548904824","<a href=""https://mobile.twitter.com"" rel=""nofollow"">Twitter Lite</a>","prayogo_tulus","0","FALSE","FALSE","#N/A","#N/A"
"93","Indosat kenapa nih internet gak bisa, nelpon juga gak bisa.. -___- @IndosatCare","FALSE","0","#N/A","42993.588726852","FALSE","#N/A","908693829745700864","#N/A","<a href=""http://twitter.com/download/android"" rel=""nofollow"">Twitter for Android</a>","Hermawan18kuyt","0","FALSE","FALSE","#N/A","#N/A"
"94","@IndosatCare min indosat lagi kenapa ya? Signal penuh, internet 3G, kuota masih ada tp kenapa internet gak bisa ya?","FALSE","0","IndosatCare","42993.502766204","FALSE","#N/A","908662680055037952","548904824","<a href=""http://twitter.com/download/android"" rel=""nofollow"">Twitter for Android</a>","novia_diah","0","FALSE","FALSE","#N/A","#N/A"
"95","@IndosatCare mohon info, apakah ada gangguan sinyal di bekasi? Semua nomor indosat tidak ada sinyal baik utk internet atau sinyal biasa.","FALSE","0","IndosatCare","42993.495069444","FALSE","#N/A","908659888678567937","548904824","<a href=""http://twitter.com/download/android"" rel=""nofollow"">Twitter for Android</a>","luqyqy","0","FALSE","FALSE","#N/A","#N/A"
"96","Ranking speed internet operator seluler
1telkomsel
2 indosat 
3 xl
Tapi ketiganya kestasbilan speednya acak adut","FALSE","0","#N/A","42993.47025463","FALSE","#N/A","908650898917748736","#N/A","<a href=""http://twitter.com/download/android"" rel=""nofollow"">Twitter for Android</a>","arinrchm","0","FALSE","FALSE","#N/A","#N/A"
"97","Halo @IndosatCare saat ini saya gak ada sinyal internet sama skli, ada apakah lagi dgn indosat?","FALSE","0","#N/A","42993.392800926","FALSE","#N/A","908622828697640961","#N/A","<a href=""http://twitter.com/download/android"" rel=""nofollow"">Twitter for Android</a>","trifenatambuwun","0","FALSE","FALSE","#N/A","#N/A"
"98","@IM3OoredooJBR @IM3Ooredoo Koneksi internet indosat ko sekarang menurun kecepatannya, tolong diperbaiki, saya pelanggan setia indosat ??","FALSE","0","IM3OoredooJBR","42993.362407407","FALSE","#N/A","908611813247410176","292775404","<a href=""http://twitter.com/download/android"" rel=""nofollow"">Twitter for Android</a>","ramdanisy","0","FALSE","FALSE","#N/A","#N/A"
"99","@IM3Ooredoo Koneksi internet indosat ko sekarang menurun kecepatannya, tolong diperbaiki, saya pelanggan setia indosat ??","FALSE","0","IM3Ooredoo","42993.361273148","FALSE","#N/A","908611402511769600","61379637","<a href=""http://twitter.com/download/android"" rel=""nofollow"">Twitter for Android</a>","ramdanisy","0","FALSE","FALSE","#N/A","#N/A"
"100","Saya suka video @YouTube https://t.co/9mq93yMZIA Indosat Gratis internet New","FALSE","0","#N/A","42993.290694444","FALSE","#N/A","908585827122413569","#N/A","<a href=""http://www.google.com/"" rel=""nofollow"">Google</a>","UcinKecil","0","FALSE","FALSE","#N/A","#N/A"
"101","@IndosatCare min mau tanya, kalo kartu kita kartu indosat jakarta, terus kita lagi di luar kota, terus mau pasang paket internet bisa gaa?","FALSE","0","IndosatCare","42993.245659722","FALSE","#N/A","908569505952960515","548904824","<a href=""http://twitter.com/download/android"" rel=""nofollow"">Twitter for Android</a>","adistromp19","0","FALSE","FALSE","#N/A","#N/A"
"102","Saya suka video @YouTube https://t.co/XvIuHmOg6m Indosat Gratis internet New","FALSE","0","#N/A","42993.190358796","FALSE","#N/A","908549464448573446","#N/A","<a href=""http://www.google.com/"" rel=""nofollow"">Google</a>","lody_fish","0","FALSE","FALSE","#N/A","#N/A"
"103","Kak @IndosatCare utk promo freedom internet plus di myIm3 apakah dpat gratis telp ke sesama indosat? Trma ksh","FALSE","0","#N/A","42993.053726852","FALSE","#N/A","908499952485015552","#N/A","<a href=""https://mobile.twitter.com"" rel=""nofollow"">Twitter Lite</a>","lilikervinaa","0","FALSE","FALSE","#N/A","#N/A"
"104","indosat super internet 4,5GB https://t.co/gGoGnVlVso #indosat #indosatsuperinternet #seo #web 089635111111","FALSE","0","#N/A","42993.02087963","FALSE","#N/A","908488051088699392","#N/A","<a href=""http://twittbot.net/"" rel=""nofollow"">twittbot.net</a>","juraganpulsaid_","0","FALSE","FALSE","#N/A","#N/A"
"105","andyputra398 Pagi kak, silahkan APN name diisi INDOSAT dan APN diisi INTERNET ya kak. ^Lifa","FALSE","0","#N/A","42993.014849537","FALSE","#N/A","908485864245940225","#N/A","<a href=""https://ifttt.com"" rel=""nofollow"">IFTTT</a>","jeomwxnwoo","0","FALSE","FALSE","#N/A","#N/A"
"106","andyputra398 Pagi kak, silahkan APN name diisi INDOSAT dan APN diisi INTERNET ya kak. ^Lifa","FALSE","0","#N/A","42993.014756944","FALSE","#N/A","908485832318836736","#N/A","<a href=""https://ifttt.com"" rel=""nofollow"">IFTTT</a>","pakjimiin95","0","FALSE","FALSE","#N/A","#N/A"
"107","IndosatCare: andyputra398 Pagi kak, silahkan APN name diisi INDOSAT dan APN diisi INTERNET ya kak. ^Lifa","FALSE","0","#N/A","42993.014270833","FALSE","#N/A","908485652387368960","#N/A","<a href=""https://ifttt.com"" rel=""nofollow"">IFTTT</a>","vocdkaf","0","FALSE","FALSE","#N/A","#N/A"
"108","IndosatCare: andyputra398 Pagi kak, silahkan APN name diisi INDOSAT dan APN diisi INTERNET ya kak. ^Lifa","FALSE","0","#N/A","42993.014259259","FALSE","#N/A","908485649803685890","#N/A","<a href=""https://ifttt.com"" rel=""nofollow"">IFTTT</a>","notkim_msl","0","FALSE","FALSE","#N/A","#N/A"
"109","IndosatCare: andyputra398 Pagi kak, silahkan APN name diisi INDOSAT dan APN diisi INTERNET ya kak. ^Lifa","FALSE","0","#N/A","42993.011469907","FALSE","#N/A","908484638129172482","#N/A","<a href=""https://ifttt.com"" rel=""nofollow"">IFTTT</a>","kidmiuw","0","FALSE","FALSE","#N/A","#N/A"
"110","IndosatCare: andyputra398 Pagi kak, silahkan APN name diisi INDOSAT dan APN diisi INTERNET ya kak. ^Lifa","FALSE","0","#N/A","42993.010625","FALSE","#N/A","908484331701772288","#N/A","<a href=""https://ifttt.com"" rel=""nofollow"">IFTTT</a>","paqkwoojin","0","FALSE","FALSE","#N/A","#N/A"
"111","IndosatCare: andyputra398 Pagi kak, silahkan APN name diisi INDOSAT dan APN diisi INTERNET ya kak. ^Lifa","FALSE","0","#N/A","42993.009895833","FALSE","#N/A","908484070648229888","#N/A","<a href=""https://ifttt.com"" rel=""nofollow"">IFTTT</a>","vbtskr","0","FALSE","FALSE","#N/A","#N/A"
"112","IndosatCare: andyputra398 Pagi kak, silahkan APN name diisi INDOSAT dan APN diisi INTERNET ya kak. ^Lifa","FALSE","0","#N/A","42993.009502315","FALSE","#N/A","908483924946505728","#N/A","<a href=""https://ifttt.com"" rel=""nofollow"">IFTTT</a>","jichanngmin","0","FALSE","FALSE","#N/A","#N/A"
"113","@andyputra398 Pagi kak, silahkan APN name diisi INDOSAT dan APN diisi INTERNET ya kak. ^Lifa","FALSE","0","andyputra398","42993.009108796","FALSE","908482977738321920","908483782209966080","1902071474","<a href=""https://twitter.com/IndosatCare"" rel=""nofollow"">indosatcare</a>","IndosatCare","0","FALSE","FALSE","#N/A","#N/A"
"114","@IndosatCare min minta sett apn internet 3g indosat donk min","FALSE","0","IndosatCare","42993.006886574","FALSE","#N/A","908482977738321920","548904824","<a href=""http://twitter.com/download/android"" rel=""nofollow"">Twitter for Android</a>","andyputra398","0","FALSE","FALSE","#N/A","#N/A"
"115","@ndrie_hendri @IndosatCare Buka tweet isinya keluhan Uteng ke Indosat. Buat internet mah makai 3 aja boskuh hahaha","FALSE","0","ndrie_hendri","42992.786122685","FALSE","908320337787367425","908402975260868609","30650176","<a href=""http://twitter.com/download/android"" rel=""nofollow"">Twitter for Android</a>","yunazariego","0","FALSE","FALSE","#N/A","#N/A"
"116","@IndosatCare Internet 3g indosat area madiun buruk sekali ya ? Masa' tiap bbrp detik selalu RTO. Mana speed juga pelan","FALSE","0","IndosatCare","42992.774722222","FALSE","#N/A","908398844093784065","548904824","<a href=""http://twitter.com/download/android"" rel=""nofollow"">Twitter for Android</a>","prasojodwi00","0","FALSE","FALSE","#N/A","#N/A"
"117","@IndosatCare saya pakai indosat ooredo pascabayar. Bagaimana cara daftar paket internet ya? Koq di *123# ngga ada pilihan?","FALSE","0","IndosatCare","42992.62005787","FALSE","#N/A","908342797761101825","548904824","<a href=""http://twitter.com/download/iphone"" rel=""nofollow"">Twitter for iPhone</a>","ariesupardani","0","FALSE","FALSE","#N/A","#N/A"
"118","@IndosatCare Sekeluarga pake kartu internet indosat semua, karena murah juga sinyalnya adanya cuma indosat disini ????","FALSE","0","IndosatCare","42992.554490741","FALSE","907594257568894976","908319036492017666","548904824","<a href=""http://twitter.com/download/android"" rel=""nofollow"">Twitter for Android</a>","veronika_anisk","0","FALSE","FALSE","#N/A","#N/A"
"119","indosat super internet 4,5GB https://t.co/gGoGnVlVso #indosat #indosatsuperinternet #seo #web 089635111111","FALSE","0","#N/A","42992.333101852","FALSE","#N/A","908238806750437376","#N/A","<a href=""http://twittbot.net/"" rel=""nofollow"">twittbot.net</a>","juraganpulsaid_","0","FALSE","FALSE","#N/A","#N/A"
"120","@IndosatCare Indosat ooredoo yes kwota internet bonus yes,,,","FALSE","0","IndosatCare","42992.279270833","FALSE","907594257568894976","908219297524092928","548904824","<a href=""http://twitter.com/download/android"" rel=""nofollow"">Twitter for Android</a>","Joni21761032","0","FALSE","FALSE","#N/A","#N/A"
"121","Kalo mau ngecek sisa quota internet via Indosat Menu *123# kok gak ada ya pilihannya? Adanya cek pulsa tuh, Min @IndosatCare","FALSE","0","#N/A","42992.279155093","FALSE","#N/A","908219257397248001","#N/A","<a href=""http://twitter.com/download/android"" rel=""nofollow"">Twitter for Android</a>","dramil207","0","FALSE","FALSE","#N/A","#N/A"
"122","kartu perdana indosat 35GB INTERNET d... https://t.co/7Tg8Xu5w2Y","FALSE","0","#N/A","42992.163472222","FALSE","#N/A","908177334162800642","#N/A","<a href=""http://www.bukalapak.com"" rel=""nofollow"">Bukalapak</a>","iChabeStore","0","FALSE","FALSE","#N/A","#N/A"
"123","kartu perdana indosat 23GB Data Kuota... https://t.co/dDwdrlMJPe","FALSE","0","#N/A","42992.135613426","FALSE","#N/A","908167239362215938","#N/A","<a href=""http://www.bukalapak.com"" rel=""nofollow"">Bukalapak</a>","iChabeStore","0","FALSE","FALSE","#N/A","#N/A"
"124","kartu perdana indosat INTERNET data 1... https://t.co/48SP7gYg7m","FALSE","0","#N/A","42992.1346875","FALSE","#N/A","908166903398465536","#N/A","<a href=""http://www.bukalapak.com"" rel=""nofollow"">Bukalapak</a>","iChabeStore","0","FALSE","FALSE","#N/A","#N/A"
"125","@IndosatCare indosat sinyal 4G kecepatan internet max cuman 36kb/s lokasi jakarta setelah saya tanya ke temen yg pakai indosat ternyata sama","FALSE","0","IndosatCare","42992.12431713","FALSE","#N/A","908163144186454016","548904824","<a href=""https://mobile.twitter.com"" rel=""nofollow"">Twitter Lite</a>","FaksiBlackHope","0","FALSE","FALSE","#N/A","#N/A"
"126","@IndosatCare Hi Pak/Bu,

Saya Hendra dan pengguna setia Indosat, saya tidak bisa menikmati layanan internet dari Indosat. No Hp 081575021645","FALSE","0","IndosatCare","42992.097604167","FALSE","#N/A","908153466534559744","548904824","<a href=""http://twitter.com"" rel=""nofollow"">Twitter Web Client</a>","X1nGs","0","FALSE","FALSE","#N/A","#N/A"
"127","Saya suka video @YouTube https://t.co/KctI1vWXem Trik Internet Gratis All operator smua indosat","FALSE","0","#N/A","42991.89724537","FALSE","#N/A","908080858665553920","#N/A","<a href=""http://www.google.com/"" rel=""nofollow"">Google</a>","SyahdanElly","0","FALSE","FALSE","#N/A","#N/A"
"128","@indosatcare Sinyal internet indosat di daerah sya tdk terjangkau. Di dsn sumberjo ds munggu kec bungkal kab ponorogo. Sering lost connect.","FALSE","0","IndosatCare","42991.705115741","FALSE","#N/A","908011232300380160","548904824","<a href=""http://twitter.com"" rel=""nofollow"">Twitter Web Client</a>","danarlegowo18","0","FALSE","FALSE","#N/A","#N/A"
"129","indosat super internet 4,5GB https://t.co/gGoGnVlVso #indosat #indosatsuperinternet #seo #web 089635111111","FALSE","0","#N/A","42991.645775463","FALSE","#N/A","907989726258331649","#N/A","<a href=""http://twittbot.net/"" rel=""nofollow"">twittbot.net</a>","juraganpulsaid_","0","FALSE","FALSE","#N/A","#N/A"
"130","@IndosatCare mohon segera ditindaklanjuti. Di daerah sy koneksi internet Indosat kembali terputus saat listrik mati. Saya di Kota Batam","FALSE","0","IndosatCare","42991.634618056","FALSE","#N/A","907985685100994560","548904824","<a href=""http://twitter.com/download/android"" rel=""nofollow"">Twitter for Android</a>","BobbyMandalaP","0","FALSE","FALSE","#N/A","#N/A"
"131","@IndosatCare koneksi internet indosat kmbli terputus saat listrik mati. Alhasil 3 jam lstrik mati,  3 jam pula koneksi internet terputus","FALSE","0","IndosatCare","42991.632118056","FALSE","#N/A","907984779110318080","548904824","<a href=""http://twitter.com/download/android"" rel=""nofollow"">Twitter for Android</a>","BobbyMandalaP","0","FALSE","FALSE","#N/A","#N/A"
"132","@IndosatCare aku memilih hadiah jaringgan internet mu lebih stabil itu lebih dari hadiah yg sempurna,,karna kepuasan ku mnggunakan indosat","FALSE","0","IndosatCare","42991.622997685","FALSE","907594257568894976","907981475642871808","548904824","<a href=""http://twitter.com/download/android"" rel=""nofollow"">Twitter for Android</a>","agilsaputraluk1","0","FALSE","FALSE","#N/A","#N/A"
"133","@IndosatCare tolong saya tidak bisa menghubungi cs indosat lewat telfon nomer saya 081554613924  ilang sigyal dan gak bisa buat internet","FALSE","0","IndosatCare","42991.579849537","FALSE","#N/A","907965836102475777","548904824","<a href=""http://twitter.com/download/iphone"" rel=""nofollow"">Twitter for iPhone</a>","Muda2391","0","FALSE","FALSE","#N/A","#N/A"
"134","Padahal udah lama bgt pake indosat, wktu masih jaringan 3G cepet deh internet nya tapi skrng di jaringan 4G kenapa lemot ya!","FALSE","0","#N/A","42991.568611111","FALSE","#N/A","907961764834398208","#N/A","<a href=""http://twitter.com/download/android"" rel=""nofollow"">Twitter for Android</a>","NuruLatifaahhh","0","FALSE","FALSE","#N/A","#N/A"
"135","@IndosatCare ko internet indosat saya parah ya?","FALSE","0","IndosatCare","42991.5628125","FALSE","#N/A","907959663206924288","548904824","<a href=""https://mobile.twitter.com"" rel=""nofollow"">Twitter Lite</a>","djollypranata","0","FALSE","FALSE","#N/A","#N/A"
"136","@IndosatCare Meskikoneksi internet lelet tidak ada bosannya pakai indosat..!","FALSE","0","IndosatCare","42991.541840278","FALSE","907594257568894976","907952065275559936","548904824","<a href=""http://twitter.com/download/android"" rel=""nofollow"">Twitter for Android</a>","vankzulintank","0","FALSE","FALSE","#N/A","#N/A"
"137","@IndosatCare Untuk indosat jaringan nya,  ada dimana2 namun koneksi ke internet nya msh kurang..  Mohon di perbaiki… https://t.co/pIY7Qg5jSh","FALSE","0","IndosatCare","42991.523969907","TRUE","907594257568894976","907945586866896898","548904824","<a href=""http://twitter.com/download/android"" rel=""nofollow"">Twitter for Android</a>","This_Parlan","0","FALSE","FALSE","#N/A","#N/A"
"138","@IndosatCare sekalian min mau laporan sinyal utk internet indosat di gg sawal kel.pekayon kec. Pasar rebo jaktim lemah bgt","FALSE","0","hidayati_resti","42991.519918981","FALSE","907940703132573696","907944117681872902","1192669614","<a href=""http://twitter.com/download/android"" rel=""nofollow"">Twitter for Android</a>","hidayati_resti","0","FALSE","FALSE","#N/A","#N/A"
"139","@IndosatCare knp jaringan internet indosat ooredoo sya sangat buruk? sdgkn paket data msih banyak &amp; aktif. sya tinggl di ciracas jkt-timur","FALSE","0","IndosatCare","42991.358784722","FALSE","#N/A","907885726192173056","548904824","<a href=""http://twitter.com/download/android"" rel=""nofollow"">Twitter for Android</a>","yorgaza","0","FALSE","FALSE","#N/A","#N/A"
"140","@IndosatCare Barusan daftar paket internet 1.5Gb (7 hari) ke 929 dari info sms INDOSAT tapi kok belum masuk ya paket datanya?","FALSE","0","IndosatCare","42991.320925926","FALSE","#N/A","907872006002970624","548904824","<a href=""http://www.twitter.com"" rel=""nofollow"">Twitter for Windows</a>","wahyoedanang","0","FALSE","FALSE","#N/A","#N/A"
"141","indosat super internet 4,5GB https://t.co/gGoGnV4kAQ #indosat #indosatsuperinternet #seo #web 089635111111","FALSE","0","#N/A","42991.187824074","FALSE","#N/A","907823772090163201","#N/A","<a href=""http://twittbot.net/"" rel=""nofollow"">twittbot.net</a>","juraganpulsaid_","0","FALSE","FALSE","#N/A","#N/A"
"142","@IndosatCare @IM3Ooredoo Ngga apa apa lah.. yang penting paket internet murah saya di kasih terus sudah puas saya d… https://t.co/VT6ylua7gW","FALSE","0","IndosatCare","42991.093194444","TRUE","907789109724307459","907789478575484928","548904824","<a href=""http://twitter.com/download/android"" rel=""nofollow"">Twitter for Android</a>","kry88lnh","0","FALSE","FALSE","#N/A","#N/A"
"143","indosat super internet 4,5GB https://t.co/gGoGnVlVso #indosat #indosatsuperinternet #seo #web 089635111111","FALSE","0","#N/A","42990.958043981","FALSE","#N/A","907740501272489985","#N/A","<a href=""http://twittbot.net/"" rel=""nofollow"">twittbot.net</a>","juraganpulsaid_","0","FALSE","FALSE","#N/A","#N/A"
"144","@IndosatCare dah lma pke indosat tpi bru tahun2 ini sinyal lemot banget trutama internet nya,,bisa sih tpi pke sinyal EDGE yg lain gak bsa??","FALSE","0","IndosatCare","42990.903576389","FALSE","907594257568894976","907720765209927680","548904824","<a href=""http://twitter.com/download/android"" rel=""nofollow"">Twitter for Android</a>","AntonPriyandi","0","FALSE","FALSE","#N/A","#N/A"
"145","IndosatCare: Rhexa_98 Sudah setting APNnya ya kak, diisi INTERNET, untuk namenya INDOSAT. Proxy dikosongkan saja kak ) ^mily","FALSE","0","#N/A","42990.728159722","FALSE","#N/A","907657196007251968","#N/A","<a href=""https://ifttt.com"" rel=""nofollow"">IFTTT</a>","vocdkaf","0","FALSE","FALSE","#N/A","#N/A"
"146","IndosatCare: Rhexa_98 Sudah setting APNnya ya kak, diisi INTERNET, untuk namenya INDOSAT. Proxy dikosongkan saja kak ) ^mily","FALSE","0","#N/A","42990.724988426","FALSE","#N/A","907656048097492992","#N/A","<a href=""https://ifttt.com"" rel=""nofollow"">IFTTT</a>","paqkwoojin","0","FALSE","FALSE","#N/A","#N/A"
"147","unfoll pls: Rhexa_98 Sudah setting APNnya ya kak, diisi INTERNET, untuk namenya INDOSAT. Proxy dikosongkan saja kak ) ^mily","FALSE","0","#N/A","42990.724270833","FALSE","#N/A","907655785991286784","#N/A","<a href=""https://ifttt.com"" rel=""nofollow"">IFTTT</a>","choybomin","0","FALSE","FALSE","#N/A","#N/A"
"148","Rhexa_98 Sudah setting APNnya ya kak, diisi INTERNET, untuk namenya INDOSAT. Proxy dikosongkan saja kak ) ^mily","FALSE","0","#N/A","42990.724097222","FALSE","#N/A","907655722149859328","#N/A","<a href=""https://ifttt.com"" rel=""nofollow"">IFTTT</a>","pakjimiin95","0","FALSE","FALSE","#N/A","#N/A"
"149","IndosatCare: Rhexa_98 Sudah setting APNnya ya kak, diisi INTERNET, untuk namenya INDOSAT. Proxy dikosongkan saja kak ) ^mily","FALSE","0","#N/A","42990.719988426","FALSE","#N/A","907654236099444738","#N/A","<a href=""https://ifttt.com"" rel=""nofollow"">IFTTT</a>","rillosh","0","FALSE","FALSE","#N/A","#N/A"
"150","IndosatCare: Rhexa_98 Sudah setting APNnya ya kak, diisi INTERNET, untuk namenya INDOSAT. Proxy dikosongkan saja kak ) ^mily","FALSE","0","#N/A","42990.719965278","FALSE","#N/A","907654225714434050","#N/A","<a href=""https://ifttt.com"" rel=""nofollow"">IFTTT</a>","notkim_msl","0","FALSE","FALSE","#N/A","#N/A"
"151","IndosatCare: Rhexa_98 Sudah setting APNnya ya kak, diisi INTERNET, untuk namenya INDOSAT. Proxy dikosongkan saja kak ) ^mily","FALSE","0","#N/A","42990.719780093","FALSE","#N/A","907654156785254400","#N/A","<a href=""https://ifttt.com"" rel=""nofollow"">IFTTT</a>","kidmiuw","0","FALSE","FALSE","#N/A","#N/A"
"152","IndosatCare: Rhexa_98 Sudah setting APNnya ya kak, diisi INTERNET, untuk namenya INDOSAT. Proxy dikosongkan saja kak ) ^mily","FALSE","0","#N/A","42990.719537037","FALSE","#N/A","907654071385051136","#N/A","<a href=""https://ifttt.com"" rel=""nofollow"">IFTTT</a>","INSPIKMS","0","FALSE","FALSE","#N/A","#N/A"
"153","IndosatCare: Rhexa_98 Sudah setting APNnya ya kak, diisi INTERNET, untuk namenya INDOSAT. Proxy dikosongkan saja kak ) ^mily","FALSE","0","#N/A","42990.719351852","FALSE","#N/A","907654003869319170","#N/A","<a href=""https://ifttt.com"" rel=""nofollow"">IFTTT</a>","vbtskr","0","FALSE","FALSE","#N/A","#N/A"
"154","IndosatCare: Rhexa_98 Sudah setting APNnya ya kak, diisi INTERNET, untuk namenya INDOSAT. Proxy dikosongkan saja kak ) ^mily","FALSE","0","#N/A","42990.719236111","FALSE","#N/A","907653963369127937","#N/A","<a href=""https://ifttt.com"" rel=""nofollow"">IFTTT</a>","sehunkrp","0","FALSE","FALSE","#N/A","#N/A"
"155","IndosatCare: Rhexa_98 Sudah setting APNnya ya kak, diisi INTERNET, untuk namenya INDOSAT. Proxy dikosongkan saja kak ) ^milyIndosatCare","FALSE","0","#N/A","42990.719189815","FALSE","#N/A","907653945987932160","#N/A","<a href=""https://ifttt.com"" rel=""nofollow"">IFTTT</a>","pjjminbts","0","FALSE","FALSE","#N/A","#N/A"
"156","IndosatCare: Rhexa_98 Sudah setting APNnya ya kak, diisi INTERNET, untuk namenya INDOSAT. Proxy dikosongkan saja kak ) ^mily","FALSE","0","#N/A","42990.719027778","FALSE","#N/A","907653886068084738","#N/A","<a href=""https://ifttt.com"" rel=""nofollow"">IFTTT</a>","GOLCHABOY","0","FALSE","FALSE","#N/A","#N/A"
"157","Rhexa_98 Sudah setting APNnya ya kak, diisi INTERNET, untuk namenya INDOSAT. Proxy dikosongkan saja kak ) ^mily","FALSE","0","#N/A","42990.718923611","FALSE","#N/A","907653847593754624","#N/A","<a href=""https://ifttt.com"" rel=""nofollow"">IFTTT</a>","jeomwxnwoo","0","FALSE","FALSE","#N/A","#N/A"
"158","@Rhexa_98 Sudah setting APNnya ya kak, diisi INTERNET, untuk namenya INDOSAT. Proxy dikosongkan saja kak ) ^mily","FALSE","0","Rhexa_98","42990.718148148","FALSE","907650309245124608","907653565807697921","328859470","<a href=""https://twitter.com/IndosatCare"" rel=""nofollow"">indosatcare</a>","IndosatCare","0","FALSE","FALSE","#N/A","#N/A"
"159","IndosatCare: Opcl8 Hai Kak, dipastikan pengaturan APN : INTERNET, APN Name: INDOSAT, Username, password, dan proxy dikosongkan ya Kak. ^Nuri","FALSE","0","#N/A","42990.699618056","FALSE","#N/A","907646853684097025","#N/A","<a href=""https://ifttt.com"" rel=""nofollow"">IFTTT</a>","vocdkaf","0","FALSE","FALSE","#N/A","#N/A"
"160","IndosatCare: Opcl8 Hai Kak, dipastikan pengaturan APN : INTERNET, APN Name: INDOSAT, Username, password, dan proxy dikosongkan ya Kak. ^Nuri","FALSE","0","#N/A","42990.697384259","FALSE","#N/A","907646041687814144","#N/A","<a href=""https://ifttt.com"" rel=""nofollow"">IFTTT</a>","rillosh","0","FALSE","FALSE","#N/A","#N/A"
"161","IndosatCare: Opcl8 Hai Kak, dipastikan pengaturan APN : INTERNET, APN Name: INDOSAT, Username, password, dan proxy dikosongkan ya Kak. ^Nur…","FALSE","0","#N/A","42990.696956019","FALSE","#N/A","907645889489096704","#N/A","<a href=""https://ifttt.com"" rel=""nofollow"">IFTTT</a>","pjjminbts","0","FALSE","FALSE","#N/A","#N/A"
"162","IndosatCare: Opcl8 Hai Kak, dipastikan pengaturan APN : INTERNET, APN Name: INDOSAT, Username, password, dan proxy dikosongkan ya Kak. ^Nuri","FALSE","0","#N/A","42990.695451389","FALSE","#N/A","907645344179277825","#N/A","<a href=""https://ifttt.com"" rel=""nofollow"">IFTTT</a>","kidmiuw","0","FALSE","FALSE","#N/A","#N/A"
"163","Opcl8 Hai Kak, dipastikan pengaturan APN : INTERNET, APN Name: INDOSAT, Username, password, dan proxy dikosongkan ya Kak. ^Nuri","FALSE","0","#N/A","42990.695335648","FALSE","#N/A","907645298318745600","#N/A","<a href=""https://ifttt.com"" rel=""nofollow"">IFTTT</a>","pakjimiin95","0","FALSE","FALSE","#N/A","#N/A"
"164","Opcl8 Hai Kak, dipastikan pengaturan APN : INTERNET, APN Name: INDOSAT, Username, password, dan proxy dikosongkan ya Kak. ^Nuri","FALSE","0","#N/A","42990.694849537","FALSE","#N/A","907645124724871169","#N/A","<a href=""https://ifttt.com"" rel=""nofollow"">IFTTT</a>","jeomwxnwoo","0","FALSE","FALSE","#N/A","#N/A"
"165","IndosatCare: Opcl8 Hai Kak, dipastikan pengaturan APN : INTERNET, APN Name: INDOSAT, Username, password, dan proxy dikosongkan ya Kak. ^Nur…","FALSE","0","#N/A","42990.69474537","FALSE","#N/A","907645086044913667","#N/A","<a href=""https://ifttt.com"" rel=""nofollow"">IFTTT</a>","jkyulkyung_","0","FALSE","FALSE","#N/A","#N/A"
"166","IndosatCare: Opcl8 Hai Kak, dipastikan pengaturan APN : INTERNET, APN Name: INDOSAT, Username, password, dan proxy dikosongkan ya Kak. ^Nuri","FALSE","0","#N/A","42990.694583333","FALSE","#N/A","907645026695630850","#N/A","<a href=""https://ifttt.com"" rel=""nofollow"">IFTTT</a>","INSPIKSG","0","FALSE","FALSE","#N/A","#N/A"
"167","IndosatCare: Opcl8 Hai Kak, dipastikan pengaturan APN : INTERNET, APN Name: INDOSAT, Username, password, dan proxy dikosongkan ya Kak. ^Nuri","FALSE","0","#N/A","42990.694224537","FALSE","#N/A","907644897234124800","#N/A","<a href=""https://ifttt.com"" rel=""nofollow"">IFTTT</a>","tetehyungrl","0","FALSE","FALSE","#N/A","#N/A"
"168","@Opcl8 Hai Kak, dipastikan pengaturan APN : INTERNET, APN Name: INDOSAT, Username, password, dan proxy dikosongkan ya Kak. ^Nuri","FALSE","0","Opcl8","42990.693078704","FALSE","907642962615529472","907644483239477248","401316235","<a href=""https://twitter.com/IndosatCare"" rel=""nofollow"">indosatcare</a>","IndosatCare","0","FALSE","FALSE","#N/A","#N/A"
"169","@IndosatCare sinyal internet Indosat lelet lagi, dah coba dr 3G ke 4G balik 3G lagi, tetap lelet. Lokasi Solo. Please tambah tower donk.","FALSE","0","IndosatCare","42990.659351852","FALSE","#N/A","907632258994946049","548904824","<a href=""http://twitter.com/download/android"" rel=""nofollow"">Twitter for Android</a>","budhartono","0","FALSE","FALSE","#N/A","#N/A"
"170","Kualitas internet/jaringan indosat akhir2 ini kok Busuk ya min @IndosatCare lebih2 klu malem hari tmbah parahh.","FALSE","1","#N/A","42990.649293981","FALSE","#N/A","907628615709335553","#N/A","<a href=""http://twitter.com/download/android"" rel=""nofollow"">Twitter for Android</a>","Deffriez","0","FALSE","FALSE","#N/A","#N/A"
"171","Internet indosat lelet.
Ngebales dm via twitternya lama.
sangat mengecewakan pelanggan lama.
Apalagi ya, hemm...
Mi… https://t.co/zKb7EhYX29","FALSE","0","#N/A","42990.636805556","TRUE","#N/A","907624091678515200","#N/A","<a href=""http://twitter.com/download/android"" rel=""nofollow"">Twitter for Android</a>","anggaelmeey","0","FALSE","FALSE","#N/A","#N/A"
"172","om tolong di genjot om indosat saya soalnya saya internet youtube whatsapps dll agak lemot @IndosatCare  #thanks","FALSE","0","#N/A","42990.589525463","FALSE","#N/A","907606957535633408","#N/A","<a href=""http://twitter.com"" rel=""nofollow"">Twitter Web Client</a>","bayutokyo","0","FALSE","FALSE","#N/A","#N/A"
"173","@IM3Ooredoo sinyal internet indosat udh brp hari ini lemoot banget. Lambang nya aja 4G, kecepatan nya 2G. Tolong perbaiki donk. Tq","FALSE","0","IM3Ooredoo","42990.574016204","FALSE","#N/A","907601334383157248","61379637","<a href=""http://twitter.com/download/android"" rel=""nofollow"">Twitter for Android</a>","Bima_d0aNk","0","FALSE","FALSE","#N/A","#N/A"
"174","@indosatcare sinyal internet indosat di wilayah harapan indah dan sekitarnya jelek.","FALSE","0","IndosatCare","42990.544166667","FALSE","#N/A","907590517617172485","548904824","<a href=""http://twitter.com/download/android"" rel=""nofollow"">Twitter for Android</a>","andangsupriyan1","0","FALSE","FALSE","#N/A","#N/A"
"175","@IndosatCare paket internet Indosat ada gak yh gak di bagi2 waktu..??","FALSE","0","IndosatCare","42990.539699074","FALSE","907587389119279105","907588897789534218","548904824","<a href=""http://www.tweetcaster.com"" rel=""nofollow"">TweetCaster for Android</a>","anggabim2","0","FALSE","FALSE","#N/A","#N/A"
"176","IndosatCare: rzfzzr pastikan ketika akses My IM3, terkoneksi dengan data internet dari Indosat ya kak. ^Oca","FALSE","0","#N/A","42990.513993056","FALSE","#N/A","907579583612026881","#N/A","<a href=""https://ifttt.com"" rel=""nofollow"">IFTTT</a>","rillosh","0","FALSE","FALSE","#N/A","#N/A"
"177","IndosatCare: rzfzzr pastikan ketika akses My IM3, terkoneksi dengan data internet dari Indosat ya kak. ^Oca","FALSE","0","#N/A","42990.51380787","FALSE","#N/A","907579516071145472","#N/A","<a href=""https://ifttt.com"" rel=""nofollow"">IFTTT</a>","sehunkrp","0","FALSE","FALSE","#N/A","#N/A"
"178","IndosatCare: rzfzzr pastikan ketika akses My IM3, terkoneksi dengan data internet dari Indosat ya kak. ^Oca","FALSE","0","#N/A","42990.513414352","FALSE","#N/A","907579372214898689","#N/A","<a href=""https://ifttt.com"" rel=""nofollow"">IFTTT</a>","INSPIKMS","0","FALSE","FALSE","#N/A","#N/A"
"179","IndosatCare: rzfzzr pastikan ketika akses My IM3, terkoneksi dengan data internet dari Indosat ya kak. ^Oca","FALSE","0","#N/A","42990.512199074","FALSE","#N/A","907578934497345536","#N/A","<a href=""https://ifttt.com"" rel=""nofollow"">IFTTT</a>","vocdkaf","0","FALSE","FALSE","#N/A","#N/A"
"180","IndosatCare: rzfzzr pastikan ketika akses My IM3, terkoneksi dengan data internet dari Indosat ya kak. ^Oca","FALSE","0","#N/A","42990.512002315","FALSE","#N/A","907578864171470849","#N/A","<a href=""https://ifttt.com"" rel=""nofollow"">IFTTT</a>","paqkwoojin","0","FALSE","FALSE","#N/A","#N/A"
"181","rzfzzr pastikan ketika akses My IM3, terkoneksi dengan data internet dari Indosat ya kak. ^Oca","FALSE","0","#N/A","42990.511493056","FALSE","#N/A","907578677172609024","#N/A","<a href=""https://ifttt.com"" rel=""nofollow"">IFTTT</a>","pakjimiin95","0","FALSE","FALSE","#N/A","#N/A"
"182","IndosatCare: rzfzzr pastikan ketika akses My IM3, terkoneksi dengan data internet dari Indosat ya kak. ^OcaIndosatCare","FALSE","0","#N/A","42990.511423611","FALSE","#N/A","907578652354863107","#N/A","<a href=""https://ifttt.com"" rel=""nofollow"">IFTTT</a>","pjjminbts","0","FALSE","FALSE","#N/A","#N/A"
"183","IndosatCare: rzfzzr pastikan ketika akses My IM3, terkoneksi dengan data internet dari Indosat ya kak. ^Oca","FALSE","0","#N/A","42990.511377315","FALSE","#N/A","907578637297348608","#N/A","<a href=""https://ifttt.com"" rel=""nofollow"">IFTTT</a>","INSPIKSG","0","FALSE","FALSE","#N/A","#N/A"
"184","IndosatCare: rzfzzr pastikan ketika akses My IM3, terkoneksi dengan data internet dari Indosat ya kak. ^Oca","FALSE","0","#N/A","42990.511365741","FALSE","#N/A","907578633631551488","#N/A","<a href=""https://ifttt.com"" rel=""nofollow"">IFTTT</a>","kidmiuw","0","FALSE","FALSE","#N/A","#N/A"
"185","rzfzzr pastikan ketika akses My IM3, terkoneksi dengan data internet dari Indosat ya kak. ^Oca","FALSE","0","#N/A","42990.510601852","FALSE","#N/A","907578357134577664","#N/A","<a href=""https://ifttt.com"" rel=""nofollow"">IFTTT</a>","jeomwxnwoo","0","FALSE","FALSE","#N/A","#N/A"
"186","IndosatCare: rzfzzr pastikan ketika akses My IM3, terkoneksi dengan data internet dari Indosat ya kak. ^OcaIndosatCare","FALSE","0","#N/A","42990.510046296","FALSE","#N/A","907578154956541953","#N/A","<a href=""https://ifttt.com"" rel=""nofollow"">IFTTT</a>","jkyulkyung_","0","FALSE","FALSE","#N/A","#N/A"
"187","@rzfzzr pastikan ketika akses My IM3, terkoneksi dengan data internet dari Indosat ya kak. ^Oca","FALSE","0","rzfzzr","42990.509722222","FALSE","907577050919198721","907578036110868482","2199644588","<a href=""https://twitter.com/IndosatCare"" rel=""nofollow"">indosatcare</a>","IndosatCare","0","FALSE","FALSE","#N/A","#N/A"
"188","@IndosatCare  sdah berjam2 listrik mati, n sdh berjam2 jg koneksi internet indosat terputus. Miris, saya tgl di slah satu kota besar di indo","FALSE","0","IndosatCare","42990.495578704","FALSE","#N/A","907572912177127429","548904824","<a href=""http://twitter.com/download/android"" rel=""nofollow"">Twitter for Android</a>","BobbyMandalaP","0","FALSE","FALSE","#N/A","#N/A"
"189","Indosat jaringan internet dari 4g sampai paling bawa 2g kaya ampas sampah banget di landmark pluit @IndosatCare","FALSE","0","#N/A","42990.415092593","FALSE","#N/A","907543742982189057","#N/A","<a href=""http://twitter.com/download/android"" rel=""nofollow"">Twitter for Android</a>","lego_iris1","0","FALSE","FALSE","106.7997355","-6.1277125"
"190","@IndosatCare Mengapa internet 4G indosat di wilayah teluk gong dan kembangan utara sangat lambat sekarang ini.kecepatannya hanya 20kbps saja","FALSE","0","IndosatCare","42990.374178241","FALSE","#N/A","907528915094183938","548904824","<a href=""http://twitter.com/download/iphone"" rel=""nofollow"">Twitter for iPhone</a>","naqshobandia","0","FALSE","FALSE","#N/A","#N/A"
"191","@IndosatCare Kartu ini saya beli digaleri indosat sdh diaktivasi. Nama Hendri. Apa relasinya komplain internet lemo… https://t.co/oyPrO3bzAp","FALSE","0","IndosatCare","42990.302164352","TRUE","907501573370126336","907502821745975297","548904824","<a href=""http://twitter.com"" rel=""nofollow"">Twitter Web Client</a>","om_hendri","0","FALSE","FALSE","#N/A","#N/A"
"192","indosat super internet 4,5GB https://t.co/gGoGnVlVso #indosat #indosatsuperinternet #seo #web 089635111111","FALSE","0","#N/A","42990.27087963","FALSE","#N/A","907491482898067456","#N/A","<a href=""http://twittbot.net/"" rel=""nofollow"">twittbot.net</a>","juraganpulsaid_","0","FALSE","FALSE","#N/A","#N/A"
"193","@juarazr XL sudah pasti pakai sih, cuma pernah denger katanya 3 dan Indosat lumayan di sana... Kalo iya mau beli perdana internet ??","FALSE","0","juarazr","42990.216168981","FALSE","907471254235471872","907471655143825408","82256690","<a href=""http://twitter.com/download/android"" rel=""nofollow"">Twitter for Android</a>","prasetyoh","0","FALSE","FALSE","#N/A","#N/A"
"194","Hari ini mulai coba pake paket internet Indosat setelah setahun lebih sama si merah. Speed 4Gnya kok ya gini amat s… https://t.co/G2DabMKyzC","FALSE","0","#N/A","42990.079652778","TRUE","#N/A","907422183059709952","#N/A","<a href=""http://twitter.com/download/android"" rel=""nofollow"">Twitter for Android</a>","bobsalim","0","FALSE","FALSE","#N/A","#N/A"
"195","@IndosatCare hai indosat, nomor 081548973977 sudah terdaftar di paket internet 30rb/bulan (promo). Tapi, internet t… https://t.co/qds2I7vKQA","FALSE","0","IndosatCare","42989.919224537","TRUE","#N/A","907364046457860097","548904824","<a href=""https://mobile.twitter.com"" rel=""nofollow"">Twitter Lite</a>","BiudtyyNisa","0","FALSE","FALSE","#N/A","#N/A"
"196","@Telkomsel min mau tanya, speed Internet simpati parah bgt y? Jauh bgt sm Indosat.","FALSE","0","Telkomsel","42989.76","FALSE","#N/A","907306345111609344","255409050","<a href=""http://twitter.com/download/android"" rel=""nofollow"">Twitter for Android</a>","EkoAnggoro1407","0","FALSE","FALSE","#N/A","#N/A"
"197","@IndosatCare min bls dm indosat di bogor internet ga bisadi pake","FALSE","0","IndosatCare","42989.687118056","FALSE","#N/A","907279934581727232","548904824","<a href=""http://twitter.com"" rel=""nofollow"">Twitter Web Client</a>","ekoseptahadi92","0","FALSE","FALSE","#N/A","#N/A"
"198","@IndosatCare tlg dong layanannya ditingkatkan, masa setiap listrik mati di daerah batu aji batam, koneksi internet indosat lumpuh...","FALSE","0","IndosatCare","42989.674270833","FALSE","#N/A","907275278639972352","548904824","<a href=""http://twitter.com/download/android"" rel=""nofollow"">Twitter for Android</a>","BobbyMandalaP","0","FALSE","FALSE","#N/A","#N/A"
"199","indosat super internet 4,5GB https://t.co/gGoGnVlVso #indosat #indosatsuperinternet #seo #web 089635111111","FALSE","0","#N/A","42989.58318287","FALSE","#N/A","907242269220016132","#N/A","<a href=""http://twittbot.net/"" rel=""nofollow"">twittbot.net</a>","juraganpulsaid_","0","FALSE","FALSE","#N/A","#N/A"
"200","@IndosatCare kenapa setiap kali gw di adam malik grogol koneksi internet Indosat setan mati? SETIAP KALI GW DISINI.","FALSE","0","IndosatCare","42989.512858796","FALSE","#N/A","907216787145613314","548904824","<a href=""http://twitter.com/download/android"" rel=""nofollow"">Twitter for Android</a>","itsalwy","0","FALSE","FALSE","#N/A","#N/A"
"201","@IndosatCare halo, Indosat saya udah berjam2 gak bisa konek ke internet nih, lokasi di Medan. Makasi","FALSE","0","IndosatCare","42989.468703704","FALSE","#N/A","907200782906286081","548904824","<a href=""http://twitter.com/download/iphone"" rel=""nofollow"">Twitter for iPhone</a>","_chalid_","0","FALSE","FALSE","#N/A","#N/A"
"202","ISI ULANG PAKET INTERNET INDOSAT,XL,TRI,TELKOMSEL TANPA GANTI KARTU

Indosat kartu baru 
10Gb 3… https://t.co/VFsMIHfkd9","FALSE","0","#N/A","42989.447615741","FALSE","#N/A","907193143745007619","#N/A","<a href=""http://instagram.com"" rel=""nofollow"">Instagram</a>","azisnurfatoni","0","FALSE","FALSE","#N/A","#N/A"
"203","@IndosatCare dear im3, apakah jaringan internet indosat lg ada gangguan? Knp bbrp hr ini, koneksi internet saya sgt lambat ya? Thx.","FALSE","0","IndosatCare","42989.33994213","FALSE","#N/A","907154122687750144","548904824","<a href=""http://twitter.com/download/android"" rel=""nofollow"">Twitter for Android</a>","lusi_kwee","0","FALSE","FALSE","#N/A","#N/A"
"204","Bodo amat dah indosat abis pulsa gegara pakek internet.","FALSE","0","#N/A","42989.320115741","FALSE","#N/A","907146937593294848","#N/A","<a href=""http://twitter.com/download/android"" rel=""nofollow"">Twitter for Android</a>","veinLights_iD","0","FALSE","FALSE","#N/A","#N/A"
"205","kartu perdana indosat INTERNET data 1... https://t.co/48SP7gYg7m","FALSE","0","#N/A","42989.28349537","FALSE","#N/A","907133668648402945","#N/A","<a href=""http://www.bukalapak.com"" rel=""nofollow"">Bukalapak</a>","iChabeStore","0","FALSE","FALSE","#N/A","#N/A"
"206","kartu perdana indosat INTERNET data 1... https://t.co/EpfjBL2Wkq","FALSE","0","#N/A","42989.283009259","FALSE","#N/A","907133490109362176","#N/A","<a href=""http://www.bukalapak.com"" rel=""nofollow"">Bukalapak</a>","iChabeStore","0","FALSE","FALSE","#N/A","#N/A"
"207","@IndosatCare Knapa internet indosat lemot bangat untuk daerah bekasi,speed nya juga donw","FALSE","0","IndosatCare","42989.135358796","FALSE","#N/A","907079985520820224","548904824","<a href=""https://mobile.twitter.com"" rel=""nofollow"">Twitter Lite</a>","ekojuliansyah12","0","FALSE","FALSE","#N/A","#N/A"
"208","ada paket internet murah ga sih -_- kapok bgt pake indosat","FALSE","0","#N/A","42989.103078704","FALSE","#N/A","907068284733857792","#N/A","<a href=""http://twitter.com/download/android"" rel=""nofollow"">Twitter for Android</a>","elpathi","0","FALSE","FALSE","#N/A","#N/A"
"209","internet indonesia itu cepat
cepat memancing emosi

- paijo, 20 th, tinggal di desa, make tri/indosat","FALSE","0","#N/A","42989.046944444","FALSE","#N/A","907047944360157184","#N/A","<a href=""http://twitter.com/download/android"" rel=""nofollow"">Twitter for Android</a>","imamrz_","0","FALSE","FALSE","#N/A","#N/A"
"210","indosat super internet 4,5GB https://t.co/gGoGnVlVso #indosat #indosatsuperinternet #seo #web 089635111111","FALSE","0","#N/A","42988.895740741","FALSE","#N/A","906993147716132864","#N/A","<a href=""http://twittbot.net/"" rel=""nofollow"">twittbot.net</a>","juraganpulsaid_","0","FALSE","FALSE","#N/A","#N/A"
"211","@IndosatCare Oh iya min jaringan indosat di kuningan jawa barat lemah banget, internet jadinya lemot banget. Trus 4G juga ga suka nongol","FALSE","0","IndosatCare","42988.786689815","FALSE","#N/A","906953628694351872","548904824","<a href=""http://twitter.com/download/android"" rel=""nofollow"">Twitter for Android</a>","yunia_maya","0","FALSE","FALSE","#N/A","#N/A"
"212","@IndosatCare min kok no indosat saya ga connect ke internet padahal data nyala + kuota postpaid masi ada banyak","FALSE","0","IndosatCare","42988.694467593","FALSE","#N/A","906920207997739008","548904824","<a href=""https://mobile.twitter.com"" rel=""nofollow"">Twitter Lite</a>","bel_alarm","0","FALSE","FALSE","#N/A","#N/A"
"213","@IndosatCare mau nanya min, untuk jaringan internet indosat di daerah saya kq terkotakan??di luar daerah saya bisa tp di daerah sy ga bisa??","FALSE","0","IndosatCare","42988.652268519","FALSE","#N/A","906904919206117376","548904824","<a href=""https://mobile.twitter.com"" rel=""nofollow"">Twitter Lite</a>","ekoadityow_","0","FALSE","FALSE","#N/A","#N/A"
"214","@IndosatCare  nomor indosat oredoo saya jaringan internet     tidak muncul dari jam 4 sore tolong solusinya ini sangat penting","FALSE","0","IndosatCare","42988.635833333","FALSE","#N/A","906898961255907328","548904824","<a href=""http://twiterous.com"" rel=""nofollow"">Twiterous</a>","Fallen_PW","0","FALSE","FALSE","#N/A","#N/A"
"215","@IndosatCare RT @charlestedy: Sinyal jaringan internet 4G #indosat luar biasa busuk tp ketika dikomplain mlh se-akan2 menyalahkan seting an","FALSE","0","IndosatCare","42988.59255787","FALSE","#N/A","906883278837227520","548904824","<a href=""http://twiterous.com"" rel=""nofollow"">Twiterous</a>","ndoniip","0","FALSE","FALSE","#N/A","#N/A"
"216","Sinyal jaringan internet 4G #indosat luar biasa busuk tp ketika dikomplain mlh se-akan2 menyalahkan seting an hape pelanggan yg ga bnr. ckck","FALSE","0","#N/A","42988.571469907","FALSE","#N/A","906875637352165376","#N/A","<a href=""http://twitter.com/download/android"" rel=""nofollow"">Twitter for Android</a>","charlestedy","0","FALSE","FALSE","#N/A","#N/A"
"217","Kenapa internet indosat hari ini butut terus ampe malem #indosatbutut ??","FALSE","0","#N/A","42988.569513889","FALSE","#N/A","906874926438563841","#N/A","<a href=""http://twitter.com/download/android"" rel=""nofollow"">Twitter for Android</a>","AlditamaP","0","FALSE","FALSE","#N/A","#N/A"
"218","@IndosatCare penyakit indosat kalo ujan, sinyal internet mati. Pfft. Sinyal internetnya luntur kali ya kena ujan. ?? https://t.co/MkFXuZnrCz","FALSE","0","IndosatCare","42988.518032407","FALSE","#N/A","906856272229580800","548904824","<a href=""http://twitter.com/download/android"" rel=""nofollow"">Twitter for Android</a>","Chidi_Mansony","0","FALSE","FALSE","#N/A","#N/A"
"219","@rief_asr @panditfootball Gue coba di xl no problem. Internet indosat kesimpulannya yg bermasallah. Cc @IndosatCare","FALSE","0","rief_asr","42988.475648148","FALSE","906839485849100288","906840912457633792","97878712","<a href=""http://twitter.com/download/android"" rel=""nofollow"">Twitter for Android</a>","4alif","0","FALSE","FALSE","#N/A","#N/A"
"220","@IndosatCare nanya min. internet &amp; sinyal indosat di daerah tegalwaru, cilamaya (karawang, jawa barat) saat ini ada gangguan y?","FALSE","0","IndosatCare","42988.454178241","FALSE","#N/A","906833134183841792","548904824","<a href=""https://mobile.twitter.com"" rel=""nofollow"">Twitter Lite</a>","krtmlm","0","FALSE","FALSE","#N/A","#N/A"
"221","keseulg: barommmeIndosatCare: Rendy_shaap Kak, untuk pengaturan APN Indosat sudah dipastikan APN diisi internet da… https://t.co/8ulU1o3Bbu","FALSE","0","#N/A","42988.426041667","FALSE","#N/A","906822937780670465","#N/A","<a href=""https://ifttt.com"" rel=""nofollow"">IFTTT</a>","xuminghaooo","0","FALSE","FALSE","#N/A","#N/A"
"222","@Rendy_shaap Kak, untuk pengaturan APN Indosat sudah dipastikan APN diisi internet dan Proxy dikosongkan? Salam ^Ha… https://t.co/MOz0iOTde8","FALSE","0","Rendy_shaap","42988.417800926","TRUE","906818197726257152","906819948030210049","757389092397076480","<a href=""https://twitter.com/IndosatCare"" rel=""nofollow"">indosatcare</a>","IndosatCare","0","FALSE","FALSE","#N/A","#N/A"
"223","@IndosatCare apakah indosat mempunyai layanan internet unlimited?","FALSE","0","IndosatCare","42988.344386574","FALSE","#N/A","906793345287995392","548904824","<a href=""https://mobile.twitter.com"" rel=""nofollow"">Twitter Lite</a>","fadillakamil","0","FALSE","FALSE","#N/A","#N/A"
"224","#ptl cara ngaktifin internet indosat yg 30rb/30 hr 14gb tuh gimana? Di pilihan paket *123# ga ada []","FALSE","2","#N/A","42988.326435185","FALSE","#N/A","906786837573726209","#N/A","<a href=""https://www.twitter.com/PLAYMFSUB"" rel=""nofollow"">PLAYMFSUB</a>","PLAYMFSUB","0","FALSE","FALSE","#N/A","#N/A"
"225","Indosat Promo Paket Internet 17GB cuma Rp. 70 Ribu  https://t.co/dXAra0YpUd #diskon","FALSE","0","#N/A","42988.215787037","FALSE","#N/A","906746741843673089","#N/A","<a href=""http://www.giladiskon.com"" rel=""nofollow"">Giladiskon Indonesia</a>","Giladiskon","0","FALSE","FALSE","#N/A","#N/A"
"226","indosat super internet 4,5GB https://t.co/gGoGnVlVso #indosat #indosatsuperinternet #seo #web 089635111111","FALSE","0","#N/A","42988.208101852","FALSE","#N/A","906743956247011328","#N/A","<a href=""http://twittbot.net/"" rel=""nofollow"">twittbot.net</a>","juraganpulsaid_","0","FALSE","FALSE","#N/A","#N/A"
"227","Jangan pernah pake paket internet indosat lagi. Ampas.","FALSE","0","#N/A","42988.175081019","FALSE","#N/A","906731990384230400","#N/A","<a href=""http://twitter.com/download/android"" rel=""nofollow"">Twitter for Android</a>","dendyfebryan","0","FALSE","FALSE","#N/A","#N/A"
"228","@IndosatCare halo indosat sy 2x ini bli pkt data di bukalapak, saat sms pkt data diproses tiba2 ada sms internet /kb pdhal saya pk wifi","FALSE","0","IndosatCare","42988.081041667","FALSE","#N/A","906697913685786624","548904824","<a href=""https://mobile.twitter.com"" rel=""nofollow"">Twitter Lite</a>","vicLx89","0","FALSE","FALSE","#N/A","#N/A"
"229","Jual paket internet murah INDOSAT XL TRI, yuk kepoin whatsapp 085777770587.. id kaskus: fahrisyal ??","FALSE","0","#N/A","42988.0709375","FALSE","#N/A","906694252251381772","#N/A","<a href=""http://twitter.com/download/android"" rel=""nofollow"">Twitter for Android</a>","reza_fahrisyal","0","FALSE","FALSE","#N/A","#N/A"
"230","Pagi min @IndosatCare paket internet indosat klo tinggal seminggu lelet bgt yah? Padahal kuota masih banyak ??","FALSE","0","#N/A","42988.056689815","FALSE","#N/A","906689086328528897","#N/A","<a href=""http://twitter.com/download/android"" rel=""nofollow"">Twitter for Android</a>","rakarahamurti","0","FALSE","FALSE","#N/A","#N/A"
"231","@eleveniacare Mhn bantuannya cek transaksiku di No Pesanan 201709091466319 pkt internet Indosat 4GB kok smp skr msh blm masuk ya. Thx b4","FALSE","0","eleveniacare","42988.045196759","FALSE","#N/A","906684923037204480","1853624478","<a href=""http://twitter.com/download/android"" rel=""nofollow"">Twitter for Android</a>","heri_cahyadi","0","FALSE","FALSE","#N/A","#N/A"
"232","@IndosatCare Ayo luncurkan promo-promo indosat mur4h internet,tlp,sms  bos. Biar pelanggan indosat ooredoo senang.","FALSE","0","IndosatCare","42987.983530093","FALSE","897916303461056512","906662576544563200","548904824","<a href=""https://mobile.twitter.com"" rel=""nofollow"">Mobile Web (M2)</a>","sugengr76489465","0","FALSE","FALSE","#N/A","#N/A"
"233","kata703 Untuk Name diisi dengan INDOSAT, untuk APN diisi dengan INTERNET, untuk Proxy dan Port dikosongkan ya kak. ^Oca","FALSE","0","#N/A","42987.923194444","FALSE","#N/A","906640710232887297","#N/A","<a href=""https://ifttt.com"" rel=""nofollow"">IFTTT</a>","yeneuic","0","FALSE","FALSE","#N/A","#N/A"
"234","IndosatCare: kata703 Untuk Name diisi dengan INDOSAT, untuk APN diisi dengan INTERNET, untuk Proxy dan Port dikosongkan ya kak. ^Oca","FALSE","0","#N/A","42987.880844907","FALSE","#N/A","906625362020487169","#N/A","<a href=""https://ifttt.com"" rel=""nofollow"">IFTTT</a>","kidmiuw","0","FALSE","FALSE","#N/A","#N/A"
"235","kata703 Untuk Name diisi dengan INDOSAT, untuk APN diisi dengan INTERNET, untuk Proxy dan Port dikosongkan ya kak. ^Oca","FALSE","0","#N/A","42987.880046296","FALSE","#N/A","906625074677125120","#N/A","<a href=""https://ifttt.com"" rel=""nofollow"">IFTTT</a>","cnyolf","0","FALSE","FALSE","#N/A","#N/A"
"236","IndosatCare: kata703 Untuk Name diisi dengan INDOSAT, untuk APN diisi dengan INTERNET, untuk Proxy dan Port dikosongkan ya kak. ^Oca","FALSE","0","#N/A","42987.879351852","FALSE","#N/A","906624822972731396","#N/A","<a href=""https://ifttt.com"" rel=""nofollow"">IFTTT</a>","vocdkaf","0","FALSE","FALSE","#N/A","#N/A"
"237","IndosatCare: kata703 Untuk Name diisi dengan INDOSAT, untuk APN diisi dengan INTERNET, untuk Proxy dan Port dikosongkan ya kak. ^Oca","FALSE","0","#N/A","42987.878321759","FALSE","#N/A","906624450229137409","#N/A","<a href=""https://ifttt.com"" rel=""nofollow"">IFTTT</a>","tetehyungrl","0","FALSE","FALSE","#N/A","#N/A"
"238","IndosatCare: kata703 Untuk Name diisi dengan INDOSAT, untuk APN diisi dengan INTERNET, untuk Proxy dan Port dikosongkan ya kak. ^Oca","FALSE","0","#N/A","42987.876921296","FALSE","#N/A","906623942760255491","#N/A","<a href=""https://ifttt.com"" rel=""nofollow"">IFTTT</a>","yuhasrat","0","FALSE","FALSE","#N/A","#N/A"
"239","IndosatCare: kata703 Untuk Name diisi dengan INDOSAT, untuk APN diisi dengan INTERNET, untuk Proxy dan Port dikosongkan ya kak. ^Oca","FALSE","0","#N/A","42987.876087963","FALSE","#N/A","906623638073421824","#N/A","<a href=""https://ifttt.com"" rel=""nofollow"">IFTTT</a>","eunsoyaaa","0","FALSE","FALSE","#N/A","#N/A"
"240","kata703 Untuk Name diisi dengan INDOSAT, untuk APN diisi dengan INTERNET, untuk Proxy dan Port dikosongkan ya kak. ^Oca","FALSE","0","#N/A","42987.875474537","FALSE","#N/A","906623416987525120","#N/A","<a href=""https://ifttt.com"" rel=""nofollow"">IFTTT</a>","pakjimiin95","0","FALSE","FALSE","#N/A","#N/A"
"241","IndosatCare: kata703 Untuk Name diisi dengan INDOSAT, untuk APN diisi dengan INTERNET, untuk Proxy dan Port dikosongkan ya kak. ^OcaIndosat…","FALSE","0","#N/A","42987.874583333","FALSE","#N/A","906623093455704064","#N/A","<a href=""https://ifttt.com"" rel=""nofollow"">IFTTT</a>","pjjminbts","0","FALSE","FALSE","#N/A","#N/A"
"242",": kata703 Untuk Name diisi dengan INDOSAT, untuk APN diisi dengan INTERNET, untuk Proxy dan Port dikosongkan ya kak. ^Oca","FALSE","0","#N/A","42987.873726852","FALSE","#N/A","906622783588880385","#N/A","<a href=""https://ifttt.com"" rel=""nofollow"">IFTTT</a>","iniapaseh","0","FALSE","FALSE","#N/A","#N/A"
"243","kata703 Untuk Name diisi dengan INDOSAT, untuk APN diisi dengan INTERNET, untuk Proxy dan Port dikosongkan ya kak. ^Oca","FALSE","0","#N/A","42987.872685185","FALSE","#N/A","906622407569547265","#N/A","<a href=""https://ifttt.com"" rel=""nofollow"">IFTTT</a>","fandegirl","0","FALSE","FALSE","#N/A","#N/A"
"244","IndosatCare: kata703 Untuk Name diisi dengan INDOSAT, untuk APN diisi dengan INTERNET, untuk Proxy dan Port dikosongkan ya kak. ^OcaIndosat…","FALSE","0","#N/A","42987.8725","FALSE","#N/A","906622340771057664","#N/A","<a href=""https://ifttt.com"" rel=""nofollow"">IFTTT</a>","jkyulkyung_","0","FALSE","FALSE","#N/A","#N/A"
"245","kata703 Untuk Name diisi dengan INDOSAT, untuk APN diisi dengan INTERNET, untuk Proxy dan Port dikosongkan ya kak. ^Oca","FALSE","0","#N/A","42987.87181713","FALSE","#N/A","906622089880367105","#N/A","<a href=""https://ifttt.com"" rel=""nofollow"">IFTTT</a>","jeomwxnwoo","0","FALSE","FALSE","#N/A","#N/A"
"246","unfoll pls: kata703 Untuk Name diisi dengan INDOSAT, untuk APN diisi dengan INTERNET, untuk Proxy dan Port dikosongkan ya kak. ^Oca","FALSE","0","#N/A","42987.871273148","FALSE","#N/A","906621895008808960","#N/A","<a href=""https://ifttt.com"" rel=""nofollow"">IFTTT</a>","choybomin","0","FALSE","FALSE","#N/A","#N/A"
"247","RT IndosatCare: kata703 Untuk Name diisi dengan INDOSAT, untuk APN diisi dengan INTERNET, untuk Proxy dan Port dikosongkan ya kak. ^Oca","FALSE","0","#N/A","42987.870671296","FALSE","#N/A","906621675755761665","#N/A","<a href=""https://ifttt.com"" rel=""nofollow"">IFTTT</a>","somi__i","0","FALSE","FALSE","#N/A","#N/A"
"248","@kata703 Untuk Name diisi dengan INDOSAT, untuk APN diisi dengan INTERNET, untuk Proxy dan Port dikosongkan ya kak. ^Oca","FALSE","0","kata703","42987.870636574","FALSE","906613934198710272","906621665068466176","1638192578","<a href=""https://twitter.com/IndosatCare"" rel=""nofollow"">indosatcare</a>","IndosatCare","0","FALSE","FALSE","#N/A","#N/A"
"249","IndosatCare: Kutemo48 Kak, untuk setting APN nya sudah di pastikan benar yaitu INTERNET dan Name nya INDOSAT ya Kak ^Bora","FALSE","0","#N/A","42987.851736111","FALSE","#N/A","906614815761866755","#N/A","<a href=""https://ifttt.com"" rel=""nofollow"">IFTTT</a>","vocdkaf","0","FALSE","FALSE","#N/A","#N/A"
"250","Kutemo48 Kak, untuk setting APN nya sudah di pastikan benar yaitu INTERNET dan Name nya INDOSAT ya Kak ^Bora","FALSE","0","#N/A","42987.850960648","FALSE","#N/A","906614534533795841","#N/A","<a href=""https://ifttt.com"" rel=""nofollow"">IFTTT</a>","jeomwxnwoo","0","FALSE","FALSE","#N/A","#N/A"
"251","Kutemo48 Kak, untuk setting APN nya sudah di pastikan benar yaitu INTERNET dan Name nya INDOSAT ya Kak ^Bora","FALSE","0","#N/A","42987.848842593","FALSE","#N/A","906613764677660674","#N/A","<a href=""https://ifttt.com"" rel=""nofollow"">IFTTT</a>","cnyolf","0","FALSE","FALSE","#N/A","#N/A"
"252",": Kutemo48 Kak, untuk setting APN nya sudah di pastikan benar yaitu INTERNET dan Name nya INDOSAT ya Kak ^Bora","FALSE","0","#N/A","42987.848101852","FALSE","#N/A","906613496384802817","#N/A","<a href=""https://ifttt.com"" rel=""nofollow"">IFTTT</a>","smovkers","0","FALSE","FALSE","#N/A","#N/A"
"253","Kutemo48 Kak, untuk setting APN nya sudah di pastikan benar yaitu INTERNET dan Name nya INDOSAT ya Kak ^Bora","FALSE","0","#N/A","42987.84349537","FALSE","#N/A","906611829807468549","#N/A","<a href=""https://ifttt.com"" rel=""nofollow"">IFTTT</a>","yeneuic","0","FALSE","FALSE","#N/A","#N/A"
"254","unfoll pls: Kutemo48 Kak, untuk setting APN nya sudah di pastikan benar yaitu INTERNET dan Name nya INDOSAT ya Kak ^Bora","FALSE","0","#N/A","42987.843483796","FALSE","#N/A","906611825109815296","#N/A","<a href=""https://ifttt.com"" rel=""nofollow"">IFTTT</a>","choybomin","0","FALSE","FALSE","#N/A","#N/A"
"255","RT IndosatCare: Kutemo48 Kak, untuk setting APN nya sudah di pastikan benar yaitu INTERNET dan Name nya INDOSAT ya Kak ^Bora","FALSE","0","#N/A","42987.842719907","FALSE","#N/A","906611547895713797","#N/A","<a href=""https://ifttt.com"" rel=""nofollow"">IFTTT</a>","somi__i","0","FALSE","FALSE","#N/A","#N/A"
"256","IndosatCare: Kutemo48 Kak, untuk setting APN nya sudah di pastikan benar yaitu INTERNET dan Name nya INDOSAT ya Kak ^BoraIndosatCare","FALSE","0","#N/A","42987.84130787","FALSE","#N/A","906611037121794048","#N/A","<a href=""https://ifttt.com"" rel=""nofollow"">IFTTT</a>","pjjminbts","0","FALSE","FALSE","#N/A","#N/A"
"257","IndosatCare: Kutemo48 Kak, untuk setting APN nya sudah di pastikan benar yaitu INTERNET dan Name nya INDOSAT ya Kak ^Bora","FALSE","0","#N/A","42987.841296296","FALSE","#N/A","906611030721269760","#N/A","<a href=""https://ifttt.com"" rel=""nofollow"">IFTTT</a>","eunsoyaaa","0","FALSE","FALSE","#N/A","#N/A"
"258","Kutemo48 Kak, untuk setting APN nya sudah di pastikan benar yaitu INTERNET dan Name nya INDOSAT ya Kak ^Bora","FALSE","0","#N/A","42987.840833333","FALSE","#N/A","906610863875948544","#N/A","<a href=""https://ifttt.com"" rel=""nofollow"">IFTTT</a>","pakjimiin95","0","FALSE","FALSE","#N/A","#N/A"
"259","IndosatCare: Kutemo48 Kak, untuk setting APN nya sudah di pastikan benar yaitu INTERNET dan Name nya INDOSAT ya Kak ^Bora","FALSE","0","#N/A","42987.839930556","FALSE","#N/A","906610537802469377","#N/A","<a href=""https://ifttt.com"" rel=""nofollow"">IFTTT</a>","tetehyungrl","0","FALSE","FALSE","#N/A","#N/A"
"260","IndosatCare: Kutemo48 Kak, untuk setting APN nya sudah di pastikan benar yaitu INTERNET dan Name nya INDOSAT ya Kak ^Bora","FALSE","0","#N/A","42987.839814815","FALSE","#N/A","906610493120548864","#N/A","<a href=""https://ifttt.com"" rel=""nofollow"">IFTTT</a>","paqkwoojin","0","FALSE","FALSE","#N/A","#N/A"
"261","IndosatCare: Kutemo48 Kak, untuk setting APN nya sudah di pastikan benar yaitu INTERNET dan Name nya INDOSAT ya Kak ^BoraIndosatCare","FALSE","0","#N/A","42987.839409722","FALSE","#N/A","906610345653010433","#N/A","<a href=""https://ifttt.com"" rel=""nofollow"">IFTTT</a>","jkyulkyung_","0","FALSE","FALSE","#N/A","#N/A"
"262",": Kutemo48 Kak, untuk setting APN nya sudah di pastikan benar yaitu INTERNET dan Name nya INDOSAT ya Kak ^Bora","FALSE","0","#N/A","42987.839166667","FALSE","#N/A","906610259229278208","#N/A","<a href=""https://ifttt.com"" rel=""nofollow"">IFTTT</a>","iniapaseh","0","FALSE","FALSE","#N/A","#N/A"
"263","@Kutemo48 Kak, untuk setting APN nya sudah di pastikan benar yaitu INTERNET dan Name nya INDOSAT ya Kak ^Bora","FALSE","0","Kutemo48","42987.838900463","FALSE","906607762657832960","906610163645276160","2274988543","<a href=""https://twitter.com/IndosatCare"" rel=""nofollow"">indosatcare</a>","IndosatCare","0","FALSE","FALSE","#N/A","#N/A"
"264","@IndosatCare nomor Indosat saya mengalami gangguan jaringan internet 4G nya lambat","FALSE","0","IndosatCare","42987.797071759","FALSE","#N/A","906595006286249984","548904824","<a href=""http://twitter.com/download/android"" rel=""nofollow"">Twitter for Android</a>","revantsanjaya","0","FALSE","FALSE","#N/A","#N/A"
"265","@IndosatCare selamat malam. Untuk nomor indosat saya tidak dpt mengakses internet. Padahal sudah terdaftar paket inet. Thx","FALSE","0","IndosatCare","42987.686041667","FALSE","#N/A","906554767769403392","548904824","<a href=""http://twitter.com/download/android"" rel=""nofollow"">Twitter for Android</a>","dhanyst_","0","FALSE","FALSE","#N/A","#N/A"
"266","@IndosatCare ada apa lagi Dengan Indosat? Kok internet nya kayak kayak KEONG?","FALSE","0","IndosatCare","42987.683240741","FALSE","#N/A","906553755247591425","548904824","<a href=""https://mobile.twitter.com"" rel=""nofollow"">Twitter Lite</a>","Jefrilagi","0","FALSE","FALSE","#N/A","#N/A"
"267","@IndosatCare indosat sedang bermasalah utk daerah kebon pedes kota bogor kah? Udah 2 hari susah utk konek internet, kuota masih ada. Trims.","FALSE","0","IndosatCare","42987.636053241","FALSE","#N/A","906536655447744513","548904824","<a href=""https://mobile.twitter.com"" rel=""nofollow"">Twitter Lite</a>","IrraisaLssptyn","0","FALSE","FALSE","#N/A","#N/A"
"268","@IndosatCare tolong baca DM sya ya. pmbyaran tagihan internet g terdata sma indosat nih. hrusnya udh g ada tagihan krn sya udh tf via atm","FALSE","0","IndosatCare","42987.610914352","FALSE","#N/A","906527543922089987","548904824","<a href=""http://twitter.com"" rel=""nofollow"">Twitter Web Client</a>","hasansitinur","0","FALSE","FALSE","#N/A","#N/A"
"269","Internet indosat lagi jelek-jeleknya ??","FALSE","0","#N/A","42987.569363426","FALSE","#N/A","906512486152552448","#N/A","<a href=""http://twitter.com/download/iphone"" rel=""nofollow"">Twitter for iPhone</a>","unauthority","0","FALSE","FALSE","#N/A","#N/A"
"270","indosat super internet 4,5GB https://t.co/gGoGnVlVso #indosat #indosatsuperinternet #seo #web 089635111111","FALSE","0","#N/A","42987.520856481","FALSE","#N/A","906494909191831552","#N/A","<a href=""http://twittbot.net/"" rel=""nofollow"">twittbot.net</a>","juraganpulsaid_","0","FALSE","FALSE","#N/A","#N/A"
"271","@IndosatCare dr td siang mau daftar paket internet ga bisa2, indosat ada gangguan lagi?!","FALSE","0","IndosatCare","42987.478969907","FALSE","#N/A","906479729263353856","548904824","<a href=""http://twitter.com/download/android"" rel=""nofollow"">Twitter for Android</a>","aya_abju","0","FALSE","FALSE","#N/A","#N/A"
"272","kontakBRI: isnaerem Selamat sore. Provider yang dapat digunakan untuk layanan Internet Banking adalah Indosat, Telkomsel, XL, AXIS dan Tri.…","FALSE","0","#N/A","42987.438773148","FALSE","#N/A","906465162558939136","#N/A","<a href=""https://ifttt.com"" rel=""nofollow"">IFTTT</a>","vocdkaf","0","FALSE","FALSE","#N/A","#N/A"
"273","@isnaerem Selamat sore. Provider yang dapat digunakan untuk layanan Internet Banking adalah Indosat, Telkomsel, XL, AXIS dan Tri. Tks~Tyo","FALSE","0","isnaerem","42987.438229167","FALSE","#N/A","906464963392299008","4310556133","<a href=""http://www.zendesk.com"" rel=""nofollow"">Zendesk</a>","kontakBRI","0","FALSE","FALSE","#N/A","#N/A"
"274","@IndosatCare knpa no m3 ade saya gak pernh dapat penawaran kuota internet hemat padahl sudah jadi pelanggan indosat slama 7th","FALSE","0","IndosatCare","42987.427766204","FALSE","#N/A","906461171644956672","548904824","<a href=""http://twitter.com/download/android"" rel=""nofollow"">Twitter for Android</a>","ZenalArifin29","0","FALSE","FALSE","#N/A","#N/A"
"275","@IndosatCare internet saya kok makin lemot ya daripada sebelumnya. Ada kendalah lah di Indosat","FALSE","0","IndosatCare","42987.377962963","FALSE","#N/A","906443123781279744","548904824","<a href=""http://twitter.com/download/android"" rel=""nofollow"">Twitter for Android</a>","NuurilAsror","0","FALSE","FALSE","#N/A","#N/A"
"276","Saya menambahkan video ke playlist @YouTube https://t.co/3wdjWSHzpO cara internet gratis indosat di android 2017 Paling Ampuh Edisi","FALSE","0","#N/A","42987.288402778","FALSE","#N/A","906410670400425985","#N/A","<a href=""http://www.google.com/"" rel=""nofollow"">Google</a>","ediuhadi","0","FALSE","FALSE","#N/A","#N/A"
"277","@IndosatCare mau baca https://t.co/03w4sWIHMG saja susah.
Kecewa dgn jaringan indosat, signal penuh tp internet kyk siput.","FALSE","0","IndosatCare","42987.268738426","FALSE","906121005164146688","906403543145259008","548904824","<a href=""http://twitter.com/download/android"" rel=""nofollow"">Twitter for Android</a>","Opcl8","0","FALSE","FALSE","#N/A","#N/A"
"278","@IndosatCare min, paket freedom internet plus itu ada bebas telp &amp; sms dgn sesama indosat nya ga?","FALSE","0","IndosatCare","42987.196064815","FALSE","#N/A","906377205948678144","548904824","<a href=""http://twitter.com/download/android"" rel=""nofollow"">Twitter for Android</a>","tianKacrak","0","FALSE","FALSE","#N/A","#N/A"
"279","Hmmm indosat makin parah aja. Buat internet makin lelet di tambah gk bisa buat transferpulsa. Hmmm lama2 indosat... https://t.co/GVS2TDX6Db","FALSE","0","#N/A","42987.073599537","FALSE","#N/A","906332825514856448","#N/A","<a href=""http://www.facebook.com/twitter"" rel=""nofollow"">Facebook</a>","muhammadsuseno5","0","FALSE","FALSE","#N/A","#N/A"
"280","Tips &amp; Trik Paket Internet Murah Indosat: https://t.co/WGzDklLwLB melalui @YouTube","FALSE","0","#N/A","42987.044502315","FALSE","#N/A","906322280669700096","#N/A","<a href=""http://www.google.com/"" rel=""nofollow"">Google</a>","adi_blackfold","0","FALSE","FALSE","#N/A","#N/A"
"281","indosat super internet 4,5GB https://t.co/gGoGnVlVso #indosat #indosatsuperinternet #seo #web 089635111111","FALSE","0","#N/A","42986.833101852","FALSE","#N/A","906245673724477441","#N/A","<a href=""http://twittbot.net/"" rel=""nofollow"">twittbot.net</a>","juraganpulsaid_","0","FALSE","FALSE","#N/A","#N/A"
"282","@IndosatCare Malam min kenapa kartu indosat saya tidak mendapatkan signal(no service) tidak bisa menggunakan data internet or cek pulsa","FALSE","0","IndosatCare","42986.788587963","FALSE","#N/A","906229542678700032","548904824","<a href=""https://mobile.twitter.com"" rel=""nofollow"">Twitter Lite</a>","nissamaulidina","0","FALSE","FALSE","#N/A","#N/A"
"283","@IM3Ooredoo min, saya pke indosat ada pulsanya tp kok tiba2 pulsanya habis ya? Pdhl saya gak pake utk tlp, sms sama internet off","FALSE","0","IM3Ooredoo","42986.748206019","FALSE","#N/A","906214908479418368","61379637","<a href=""https://mobile.twitter.com"" rel=""nofollow"">Twitter Lite</a>","EditRistyan","0","FALSE","FALSE","#N/A","#N/A"
"284","@IndosatCare selamat malam indosat saya punya keluhan masalah jaringan internet kok lemot banget ya pdhl kuota ada bnyak tlng diperbaiki tq","FALSE","0","IndosatCare","42986.69599537","FALSE","#N/A","906195989626683392","548904824","<a href=""http://twitter.com/download/android"" rel=""nofollow"">Twitter for Android</a>","janzjanz20","0","FALSE","FALSE","#N/A","#N/A"
"285","@IndosatCare kcewa dngan internet indosat sinyal h+ tapi speed lelet bgt hnya bsa buat chat,untuk fb aja susah,rugi saya beli kuota mahal2","FALSE","0","IndosatCare","42986.614930556","FALSE","#N/A","906166610955608064","548904824","<a href=""https://mobile.twitter.com"" rel=""nofollow"">Twitter Lite</a>","deddyromanovski","0","FALSE","FALSE","#N/A","#N/A"
"286","@IndosatCare min mau tanya,paketan internet paket indosat kok yg 20Gb tidak update untuk no 081555319788 dan 081555320058.Terimakasih","FALSE","0","IndosatCare","42986.561157407","FALSE","#N/A","906147123309174784","548904824","<a href=""https://mobile.twitter.com"" rel=""nofollow"">Twitter Lite</a>","_rendydp_","0","FALSE","FALSE","#N/A","#N/A"
"287","@IM3Ooredoo @armylia_ @BPoer94 @darwinations Indosat tarip internet mu berapa per kb/s","FALSE","0","IM3Ooredoo","42986.506539352","FALSE","906122636018696192","906127329868390400","61379637","<a href=""http://twitter.com/download/android"" rel=""nofollow"">Twitter for Android</a>","ayeng_mz","0","FALSE","FALSE","#N/A","#N/A"
"288","selamat malam @IndosatCare apakah indosat ada layanan dedicated internet?","FALSE","0","#N/A","42986.489270833","FALSE","#N/A","906121073237696512","#N/A","<a href=""http://twitter.com"" rel=""nofollow"">Twitter Web Client</a>","herrymei","0","FALSE","FALSE","#N/A","#N/A"
"289","@IndosatCare kenapa akhir2 ini sinyal internet indosat jadi kurang memuaskan, mohon perbaikannya ?? saya daerah Cibiru Kota Bandung.","FALSE","1","IndosatCare","42986.430243056","FALSE","#N/A","906099684250288128","548904824","<a href=""http://twitter.com/download/android"" rel=""nofollow"">Twitter for Android</a>","ramdanisy","0","FALSE","FALSE","#N/A","#N/A"
