"","text","","","",""
"1","@IndosatCare sinyal internet indosat kok sering bermasalah ya?","","","",""
"2","@IndosatCare sejak kmrn malam sampai siang ini sinyal data indosat saya jelek sekali.","","","",""
"3","@JeniusConnect stuck login pada saat Create Device PIN. kondisi internet lancar, pake indosat. solusi?","","","",""
"4","No indosat sgj msh sya pake. Karena dah bbrp th saya pake, semua Orang deket jg taunya yg no indosat ini @IndosatCare ,tp selalu aja kecewa","","","",""
"5","RT @puspitawarna: @IndosatCare Tolong yah, bangsat bener ini internet buat kerjaan jadi kacau semua, laknat kau, kuota telkomsel lg habis ","","","",""
"6","Min @IndosatCare aktifin paket bundling smartphone gimana? Aku beli hp xiaomi 4a dan di boxnya ada stiker paket bundling indosat. Thanks","","","",""
"7","Saya Hendra dan pengguna setia Indosat, saya tidak bisa menikmati layanan internet dari Indosat. No Hp 081575021645","","","",""
"8"," selamat siang indoat, kuota saya masih 22 gb tp knp drtd saya gabisa konek internet ya? Di 3G dan 4G saya tdk bisa konek smua buat kecewa aja nih semakin susah","","","",""
"9","/rlt/ guys, yg pake indosat, kuota malamnya bisa dipake di siang ga? Yg pake cara ubah timezone gt biar lebih bisa berguna biar murah","","","",""
"10","BNP Paribas Tawarkan Investasi Reksadana Lewat Aplikasi Indosat Ooredoo https://t.co/uliBUXPzKv","","","",""
"11","aniez_222 Siang kak, maaf late respon, sinyal internet yang kurang oke ya kak, akan kami bantu. Yuk DM. Salam ^Ceri","","","",""
"12",",@IndosatCare mohon segera ditindaklanjuti. Di daerah sy koneksi internet Indosat kembali terputus saat listrik mati. Saya di Kota Batam","","","",""
"13","@IndosatCare koneksi internet indosat kmbli terputus saat listrik mati. Alhasil 3 jam lstrik mati,  3 jam pula koneksi internet terputus","","","",""
"14","Dear @IndosatCare knp signal 4G indosat stiap menjelang siang buruk sekali.. ini di kota besar lu ! cc; @alexanderrusli","","","",""
"15",",@IndosatCare aku memilih hadiah jaringgan internet mu lebih stabil itu lebih dari hadiah yg sempurna,,karna kepuasan ku mnggunakan indosat","","","",""
"16","@IndosatCare min saya mau soal tarif sms indosat terbaru,kenapa sekarang bs mahal nyampe 800/sms.kmrin2 cmn 150/sms.","","","",""
"17","internet yang bagus apa sih selain tsel sama indosat","","","",""
"18","Padahal udah lama bgt pake indosat, wktu masih jaringan 3G cepet deh internet nya tapi skrng di jaringan 4G kenapa lemot ya!","","","",""
"19","@IndosatCare @iGilaar Gimana kasus saya?  Indosat, tutup mata?  Penipu!","","","",""
"20","@IndosatCare ko internet indosat saya parah ya?","","","",""
"21","indosat super internet 4,5GB https://t.co/ahMF0OQ20L #indosat #indosatsuperinternet #seo #web sms/wa089635111111 #olshop #pulsa","","","",""
"22","@IndosatCare Meskikoneksi internet lelet tidak ada bosannya pakai indosat..!","","","",""
"23","@IndosatCare Untuk indosat jaringan nya,  ada dimana2 namun koneksi ke internet nya msh kurang..  Mohon di perbaiki… ","","","",""
"24","RT @AdvokatBSatria: Dulu Mega jual Indosat, BUMN strategis pengelola pemilik satelit RI dgn harga murah. Secara ekonomi RI rugi besar, seca…","","","",""
"25","RT @AdvokatBSatria: Masih segar ingatan rakyat janji pak jokowi mau beli kembali PT Indosat yg dijual Megawati, kok setelah jd Presiden mal…","","","",""
"26","RT @guffybach: @ikramarki Setya Novanto klo nomer indosat pulsanya abis, diisiin sama owner Telkomsel. Begitu juga sebaliknya #ThePowerOfSe…","","","",""
"27","indosat super internet 4,5GB https://t.co/ahMF0P7Dpl #indosat #indosatsuperinternet #seo #web sms/wa089635111111 #olshop #pulsa","","","",""
"28","@IndosatCare sekalian min mau laporan sinyal utk internet indosat di gg sawal kel.pekayon kec. Pasar rebo jaktim lemah bgt","","","",""
"29","Realita pt.indosat Sudah menjadikan semua kepemilikan akta kelahiran sebagai hutang imf,sejak tahun 0 s/d -","","","",""
"30","Indosat Tantang Anak Muda Ikut Kompetisi IWIC. Kembangkan Inovasi Aplikasi https://t.co/99yHM8i1GB","","","",""
"31","RT @AdvokatBSatria: Masih segar ingatan rakyat janji pak jokowi mau beli kembali PT Indosat yg dijual Megawati, kok setelah jd Presiden mal…","","","",""
"32","RT @AdvokatBSatria: Masih segar ingatan rakyat janji pak jokowi mau beli kembali PT Indosat yg dijual Megawati, kok setelah jd Presiden mal…","","","",""
"33","Promo INDOSAT ???? @daz0613g
✔ Inject kuota murah
✔ Pulsa murah
✔ Kuota murah
✔ Mudah
✔ Fast… https://t.co/MMaoG09Rjj","","","",""
"34","RT @AdvokatBSatria: Dulu Mega jual Indosat, BUMN strategis pengelola pemilik satelit RI dgn harga murah. Secara ekonomi RI rugi besar, seca…","","","",""
"35","RT @AdvokatBSatria: Masih segar ingatan rakyat janji pak jokowi mau beli kembali PT Indosat yg dijual Megawati, kok setelah jd Presiden mal…","","","",""
"36","RT @guffybach: @ikramarki Setya Novanto klo nomer indosat pulsanya abis, diisiin sama owner Telkomsel. Begitu juga sebaliknya #ThePowerOfSe…","","","",""
"37","@IndosatCare Indosat kya tai lah setiap sya isi ulg pls sellu mengilg tanpa alsan sdg kn sya ga pernh trnski apa apa","","","",""
"38","Balikpapan Kota Kelima Diluncurkannya Jaringan 4G LTE Indosat yang super kencang- https://t.co/N38XUAFDhs… https://t.co/u4OyiIVc1K #balikpapan","","","",""
"39","indosat super internet 4,5GB https://t.co/gGoGnVlVso #indosat #indosatsuperinternet #seo #web 089635111111","","","",""
"40",",@IndosatCare @IM3Ooredoo Ngga apa apa lah.. yang penting paket internet murah saya di kasih terus sudah puas saya d… https://t.co/B42","","","",""
"41",",@IndosatCare dah lma pke indosat tpi bru tahun2 ini sinyal lemot banget trutama internet nya,,bisa sih tpi pke sinyal EDGE yg lain gak bsa","","","",""
"42","Ada program Indosat Superplan utk Galaxy Note 8 gak, klo ada murah nih harganya@IndosatCare ?","","","",""
"43","@IndosatCare min galeri indosat di malang ada dimana aja untuk kota malang? thx","","","",""
"44","@IndosatCare Tolong yah, bangsat bener ini internet buat kerjaan jadi kacau semua, laknat kau, kuota telkomsel lg h… https://t.co/EXePEYMGsk","","","",""
"45","@indosatCare kecewa dengan Indosat, akhir"" ini jaringan internet sering error. Mohon perbaiki kualitas jaringan internet nya","","","",""
"46","@IndosatCare hi indosat saya salah satu pengguna matrix klo mau tau paket internet bulanan bs lihat infonya dimana ya?","","","",""
"47","RT @ErafoneStore: Dapatkan smartphone idaman dengan harga super spesial hanya dengan berlangganan Super Plan! https://t.co/DYSMkUVLIu https…","","","",""
"48","Belakangan semuanya jadi annoying. Dan diantara semua yang annoying itu, speed download Indosat adalah juaranya.","","","",""
"49","@nana_17678 Maksud Abang data internet Indosat udah 2 hari trouble","","","",""
"50","Dapatkan smartphone idaman dengan harga super spesial hanya dengan berlangganan Super Plan! https://t.co/DYSMkUVLIu https://t.co/0d1UxLGGeJ","","","",""
"51","@IndosatCare Alfa, sayang sekali kami sekeluarga hampir semua memakai data internet dari indosat, kami kecewa dg B53","","","",""
"52","RT @IM3Ooredoo: Penawaran terbatas sd 1 Okt! Hanya dgn langganan Super Plan di Gerai Indosat Ooredoo, kamu bs dpt SMARTPHONE GRATIS! https:…","","","",""
"53","Masa yg lain bisa 4G... Tp indosat nya ""E"" .. Waduh itu signal tahun kpn @IndosatCare ??? Th 2000??? Kecewa","","","",""
"54","No indosat sgj msh sya pake. Karena dah bbrp th saya pake, semua Orang deket jg taunya yg no indosat ini @IndosatCare ,tp selalu aja kecewa","","","",""
"55","2 bulanan gk aktifin paket internet indosat,karena signal nya luar biasa kacau @IndosatCare ,ini cb aktifin lagi paket yg 90rb, eh sama aja","","","",""
"56","RT @detikinet: Lepas Jabatan CEO Indosat, Alexander Rusli Mau Kemana? https://t.co/Z447TlyAYK","","","",""
"57","lovesbagus Ya kak, untuk super internet harus rebuying jika ingin kuota terakumulasi ya. Makasih^Wira","","","",""
"58","@IndosatCare hei kak, knp ya indosat signal nya dri dulu gak bagus 2...Internet an lemot nya mnta ampun....  Yaaaa Ngehe pokonya dah","","","",""
"59","Kenapa yaa internet di indosat ooredoo sangat lemot ga kaya dulu ??? @IndosatCare","","","",""
"60","@IndosatCare Min galeri indosat yang di daerah galaxy sebelah mana ya?","","","",""
"61","AyungHermawan Kak Ayung :) Boleh infoin sinyal data pendukung yg kami infokan sblumnya via DM ya. :) ^Uky ","","","",""
"62","@IndosatCare Paket Internet Matrix saya tidak diperpanjang secara sepihak oleh Indosat mengakibatkan tagihan naik 20x lipat tlg solusinya","","","",""
"63","@TokopediaCare Sudah klarifikasi dg indosat dan pulsa sudah masuk kok. Hanya apps nya kemarin ini masalah. Thanks","","","",""
"64","@IndosatCare  dan @HaloBCA  m-banking dr provider indosat sedang bermasalah, problem bank apa d provider","","","",""
"65","indosat super internet 4,5GB https://t.co/gGoGnVlVso #indosat #indosatsuperinternet #seo #web 089635111111","","","",""
"66","@IndosatCare min internet indosat jadi lemot bgt sih ....!","","","",""
"67","RT @IM3Ooredoo: Penawaran terbatas sd 1 Okt! Hanya dgn langganan Super Plan di Gerai Indosat Ooredoo, kamu bs dpt SMARTPHONE GRATIS! https:…","","","",""
"68","@IndosatCare kenapa pulsa indosat saya selalu terpotong, padahal tidak registrasi program apapun, hp saya nokia tanpa fitur internet?","","","",""
"69","Balikpapan Kota Kelima Diluncurkannya Jaringan 4G LTE Indosat super kencang - https://t.co/N38XUAFDhs… https://t.co/iIrjTIHN4X #balikpapan","","","",""
"70","RT @IM3OoredooMTR: Penting! Waspada modus undian berhadiah mengatasnamakan Indosat Ooredoo. Cek kebenaran info di https://t.co/oQQhWBMi1g a…","","","",""
"71","Wwwooi.... payaah neeh dah seminggu ini sinyal internet indosat daerah Pamulang....!!!???","","","",""
"72","Min min @IndosatCare kalau hujan kok sinyal internet indosat suka jelek banget min, kebawa air hujan ya min?","","","",""
"73","@IndosatCare gerai indosat hari sabtu buka sampai jam berapa ya ? Mumpung lagi ada waktu luang senggang","","","",""
"74","Penting! Waspada modus undian berhadiah mengatasnamakan Indosat Ooredoo. Cek kebenaran info di… https://t.co/qdGJTAT3UR","","","",""
"75","Promo Super Plan mulai dari 200rb/bln. Kunjungi gerai Indosat Ooredoo sekarang juga! #ayokegeraiindosatooredoo","","","",""
"76","Saya menambahkan video ke playlist @YouTube https://t.co/NaLP7E4W3J Kode Dial Rahasia Indosat Untuk Daftar Internet Super Murah","","","",""
"77","Promo Super Plan mulai dari 200rb/bln. Kunjungi gerai Indosat Ooredoo sekarang juga! #ayokegeraiindosatooredoo https://t.co/Q619rOABRG","","","",""
"78","kifli127 Hai kak, untuk paket internet masa aktfnya 30hari ya. Thanks ^Dia","","","",""
"79","@IndosatCare saya sangat kecewa dengan pelayanan indosat. Cust serv susah di hubungi. Registrasi paket internet gagal terus.","","","",""
"80","@IndosatCare kesel bgt sm indosat, suka ada konten2 yg aktif sendiri&amp;nyedot pulsa. Paket jg perpanjang otomatis pdhl ga prnah aktivasi","","","",""
"81","Kamu pake Indosat ya ??? Karena sinyal-sinyal cintamu sangat kuat sampai ke hatiku. @SteffyChiBi #SUgombal","","","",""
"82","@IndosatCare duh, tolong dong indosat smkin hari sinyalnya smkin hilang"" gak jelas. Kacau bener lemot","","","",""
"83","@IndosatCare @indo_line Akibatnya saya rugi, pulsa saya ketarik tarif internet dan sms/telp sesama indosat (bene… https://t.co/TcE3Cpk8XE","","","",""
"84","kiqi01 Hi kak, data rollover berlaku pada Paket Freedom Combo dan Paket Internet Bulanan aja ya kak :) ^Ersi","","","",""
"85","@IndosatCare  pagi, apakah indosat sedang trouble? Pulsa saya ada 64889 tp saat saya ingin beli kuota dg harga 59rb tdk bisa","","","",""
"86","@IndosatCare @IM3Ooredoo bulan lalu saya kena charge internet per-KB karena kesalahan sistem indosat saat perpanjangan paket. tolong cek ","","","",""
"87","@IndosatCare sinyal internet Indosat lelet lagi, dah coba dr 3G ke 4G balik 3G lagi, tetap lelet. Lokasi Solo. Please tambah tower donk.","","","",""
"88","@IndosatCare selamat pagi indosat, akhir2 ini pulsa sy srng berkurang, dan mahal B90mohon bantuannya untuk mencheck kpn hal ini bs terjadi?","","","",""
"89","RT @MuxlimoID: Fokus deh pln dan pantau sejumlah blok migas. Kita trauma juga, kan? Tanker dan Indosat - bikin perih dengarnya, eh Muamalat…","","","",""
"90","Kualitas internet/jaringan indosat akhir2 ini kok Busuk ya min @IndosatCare lebih2 klu malem hari tmbah parahh.","","","",""
"91","@IndosatCare masih sama, kalo memang ditower/bts tsb ada yg py Indosat knp bisa lemot begitu ya padahal jarak dr rmh ke BTS tsb hy 500 M??","","","",""
"92","@indosatcare Saya menerima sms sesama indosat dan dpt pesan pesan kelas 0 sisa plsa 16127 dan masa aktif tgl 29 desember 2017.solusinya?","","","",""
"93","RT @MuxlimoID: Fokus deh pln dan pantau sejumlah blok migas. Kita trauma juga, kan? Tanker dan Indosat - bikin perih dengarnya, eh Muamalat…","","","",""
"94","om tolong di genjot om indosat saya soalnya saya internet youtube whatsapps dll agak lemot @IndosatCare  #thanks","","","",""
"95","@IM3Ooredoo sinyal internet indosat udh brp hari ini lemoot banget. Lambang nya aja 4G, kecepatan nya 2G. Tolong perbaiki donk. Tq","","","",""
"96","indosat super internet 4,5GB https://t.co/ahMF0OQ20L #indosat #indosatsuperinternet #seo #web sms/wa089635111111 #olshop #pulsa","","","",""
"97","@alifebriyanto labor banget, kemarin ngerjain untuk green pramuka, modul optiknya bikin pusing, mana simpang2an ama indosat lagi","","","",""
"98","Siang indosat, mohon bantuannya, pulsa saya berkurang terus, walaupun tidak digunakan untuk nelpon maupun internet. Bagaimana nih","","","",""
"99","Balikpapan Kota Kelima Diluncurkannya Jaringan 4G LTE Indosat super kencang- https://t.co/N38XUAFDhs… https://t.co/60aP9O0HuS #balikpapan","","","",""
"100","RT @MuxlimoID: Fokus deh pln dan pantau sejumlah blok migas. Kita trauma juga, kan? Tanker dan Indosat - bikin perih dengarnya, eh Muamalat…","","","",""
"101","RT @IM3Ooredoo: Penawaran terbatas sd 1 Okt! Hanya dgn langganan Super Plan di Gerai Indosat Ooredoo, kamu bs dpt SMARTPHONE GRATIS! https:…","","","",""
"102","Fokus deh pln dan pantau sejumlah blok migas. Kita trauma juga, kan? Tanker dan Indosat - bikin perih dengarnya, eh Muamalat pantau juga.","","","",""
"103","internet indosat lemoooooooooottt..... jancok","","","",""
"104","@IndosatCare siang. Kenapa nomor indosat saya ga bisa untuk daftar paket internet ya ? Thanks","","","",""
"105","@IndosatCare kak , layanan data indosat di daerah telang kamal bangkalan madura masih sering ngadat padahal sinyal bagus , bisa dibantu?","","","",""
"106","indosat super internet 4,5GB https://t.co/gGoGnV4kAQ #indosat #indosatsuperinternet #seo #web 089635111111","","","",""
"107","RT @munichdesc: Indosat koneksi Internet nya ampun ampunan yak :/","","","",""
"108","RT @munichdesc: Indosat koneksi Internet nya ampun ampunan yak :/","","","",""
"109","PT Indosat Ooredoo atau yang dahulu disebut PT Indosat Tbk. adalah nama dari salah satu… https://t.co/nAPKTXB70y","","","",""
"110","@IndosatCare sinyal indosat 4G ditempat saya sering blank
..... bukannya lebih bagus 3G..","","","",""
"111","mutiandina Hi Kak. Paket Super Internet Unlimited masih ada kok. Bisa cek di *123# yah :) ^Nio","","","",""
"112","RT @AdiraFinanceID: Akan ada 2 pemenang beruntung dari FB &amp; Twitter yang mendapatkan hadiah pulsa INDOSAT 25K dari Adira Finance.

#KuisAdi…","","","",""
"113","@IndosatCare Cs care twitter payah ga bisa kasih solusi.. org yg jawab ganti2 mulu ga selesai2 komplain org..payah indosat","","","",""
"114","@IndosatCare semalam internet sy susah banget dapat jaringan indosat sebelumnya lancar. Apakah ada lagi ada perbaikan.","","","",""
"115","@IndosatCare gerai indosat ungaran bisa untuk mengurus kartu yg sudah expired gak ya?terima kasih","","","",""
"116","@IndosatCare indosat lg gangguan apa gimana ya kok susah  gak konek, semalem beli paket internet malah registrasi dalam proses terus smsnya sampe jam 02.00...","","","",""
"117","@rzfzzr pastikan ketika akses My IM3, terkoneksi dengan data internet dari Indosat ya kak. ^Oca","","","",""
"118","Balikpapan Kota Kelima Diluncurkannya Jaringan 4G LTE Indosat super kencang- https://t.co/N38XUAFDhs… https://t.co/DbuAoozp8s #balikpapan","","","",""
"119","RT @IM3Ooredoo: Penawaran terbatas sd 1 Okt! Hanya dgn langganan Super Plan di Gerai Indosat Ooredoo, kamu bs dpt SMARTPHONE GRATIS! https:…","","","",""
"120","@AganRachmat Kak, mohon maaf sekali ya Kak, bisa coba ke Gerai Indosat Jember ya Kak. ^Anin","","","",""
"121","@IndosatCare  sdah berjam2 listrik mati, n sdh berjam2 jg koneksi internet indosat terputus. Miris, saya tgl di slah satu kota besar di indo","","","",""
"122","Nah ini baru namanya indosat, seperti awal ada 4G semoga konsist ya 3,9M brow kenceng banget koneksinya puas dah! https://t.co/5FjCOL4YPq","","","",""
"123","@MAHENDRA_GNW @jokowi Semua benar
yang HOAX mobil esemka sama buyback indosat","","","",""
"124","BNP Paribas Tawarkan Investasi Reksadana Lewat Aplikasi Indosat Ooredoo https://t.co/DUk9wXs3FB","","","",""
"125","@IndosatCare ah sama aja min, tetep lemot banget. gak ada perubahannya. udah dua tahun saya pake indosat tp baru kali ini lemotbangeeeet.","","","",""
"126","Kamu pake Indosat ya ? Karena sinyal-sinyal cintamu sangat kuat sampai ke hatiku.","","","",""
"127","indosat internetnya kok semakin lemot padahal sdh ambil langganan bulanan,  di kediri kok kalah jauh dg Esia","","","",""
"128","@IndosatCare Call ke 185 di twitter semua ga ada jawaban dari indosat. Mau nya indosat ga ada keluhan dari pelanggan? Bikin kecewa pelanggan","","","",""
"129","@baeknim04 mau yang murah B131Yaudah kasih axis/indosat","","","",""
"130","@IndosatCare Enggak kok kartu masih ok.cuma sinyal inetnya aja yg lemot emang indosat payah.","","","",""
"131","Berita Terbaru: Transformasi Digital Tren di Indonesia, Indosat Andalkan IM3 Ooredoo… https://t.co/HeHxP516xW","","","",""
"132","Berita Terkini:  Transformasi Digital Tren di Indonesia, Indosat Andalkan IM3 Ooredoo","","","",""
"133","Balikpapan Kota Kelima Diluncurkannya Jaringan 4G LTE Indosat super kencang - https://t.co/N38XUAFDhs… https://t.co/jjEvkjvuyo #balikpapan","","","",""
"134","@IndosatCare INDOSAT APA KABAR?  MAU BANGKRUT?  KASUS SAYA GIMANA???  DM GA DIBALES?  PURA2 ??","","","",""
"135","piye indosat, sudah aktifasi pemberitahuan tagihan
 lewat email kok tetep di tagih lewat surat dan pos, padahal bayar gak pernah telat","","","",""
"136","indosat super internet 4,5GB https://t.co/ahMF0OQ20L #indosat #indosatsuperinternet #seo #web sms/wa089635111111 #olshop #pulsa","","","",""
"137","BNP Paribas Tawarkan Investasi Reksadana Lewat Aplikasi Indosat Ooredoo - https://t.co/NkS3aK7PJq","","","",""
"138","@IndosatCare Kepada indosat Kpa akhir2 ini jaringan internet indosat saya bermasalah sering kali jam 17.00-20.00 jaringan gk bisa di pake","","","",""
"139","@IndosatCare Yaitu paket chat tanpa Internet khusus Indosat. Tolong paket nya distop dan pulsa 10 rb dikembalikan ke nomor saya.","","","",""
"140","@juarazr XL sudah pasti pakai sih, cuma pernah denger katanya 3 dan Indosat lumayan di sana... Kalo iya mau beli perdana internet","","","",""
"141","@IndosatCare Saya sebagai pengguna Indosat merasa kecewa. Dan saya mohon untuk perbaikan nya.kouta masih bnyak tapi tdk bisa akses internet!","","","",""
"142","Kenapa akhir2 ini indosat sering tdk bsa akses internet padahal kouta masih banyak. Dan 4G nya jg tidak bisa mohon untuk diperbaiki,","","","",""
"143","@Telkomsel min mau tanya, speed Internet simpati parah bgt y? Jauh bgt sm Indosat.","","","",""
"144","Indosat Internet nya kaga jalan kalo ujan udah dua hari begini rumah gw dusun banget dah kayanya","","","",""
"145","@IndosatCare tlg dong layanannya ditingkatkan, masa setiap listrik mati di daerah batu aji batam, koneksi internet indosat lumpuh...","","","",""
"146","@IndosatCare kenapa setiap kali gw di adam malik grogol koneksi internet Indosat setan mati? SETIAP KALI GW DISINI.","","","",""
"147","@IndosatCare halo, Indosat saya udah berjam2 gak bisa konek ke internet nih, lokasi di Medan. Makasi","","","",""
"148","@IndosatCare internet kenapa jadi lemot banget sik, jaringan doang 4G, payah banget indosat","","","",""
"149","@IndosatCare sinyal internet di jl.kebon pala 1 kel. kampung melayu kec. jatinegara jakarta timur 3G atau 4G parah banget.... tolong indosat","","","",""
"150","Indosat ini bangke banget lah. Hari gini di Jakarta gak ada koneksi internet. Akhhh. Bete kali aku pakai Indosat nih","","","",""
"151","Hi @indosatcare .Sy penikmat promo paket internet murah dr indosat. Hari in sy dpt sms dr indosat.Stlah sy konfir YA. Ko ga ada blasan lagi?","","","",""
"152","@IndosatCare @ayoechimut SELAMAT BERGABUNG DI INDOSAT..  DIMANA PULSA ANDA SERING TERPOTONG DENGAN, SENDIRINYA,  DA… https://t.co/6VQolNHiv3","","","",""
"153","@IndosatCare SEMOGA INDOSAT SEGERA BANGKRUT...  AAMIIN...  LAMA2 NGEHEK NIH, OPERATOR!!!","","","",""
"154","@IndosatCare TERNYATA INDOSAT PENGECUT PAYAH!!!!","","","",""
"155","@IndosatCare Knapa internet indosat lemot bangat untuk daerah bekasi,speed nya juga donw","","","",""
"156","ada paket internet murah ga sih -_- kapok bgt pake indosat","","","",""
"157","Kecepatan maksimal internet Indosat kalau subuh (dan di tempat tertentu). Beda kalau siang atau jam 7-10 malem..... https://t.co/lP16tRGlP7","","","",""
"158","Indosat Ooredoo Makin Agresif di Era Transformasi Digital https://t.co/BHubPkwqQY","","","",""
"159","Kok sinyal indosat engga dapat di daerah kosan saya? payah @IndosatCare","","","",""
"160","Indosat Ooredoo Makin Agresif di Era Transformasi Digital #IndosatOoredoo https://t.co/hoTednyS5n","","","",""
"161","Balikpapan Kota Kelima Diluncurkannya Jaringan 4G LTE Indosat super kencang - https://t.co/N38XUAFDhs… https://t.co/1r65xpeZs1 #balikpapan","","","",""
"162","@IndosatCare Sinyal 4g indosat akhir2 ini susah nyantolnya. Kek nyari jodoh aja, susah nyantolnya. Zzzz","","","",""
"163","RT @AdiraFinanceID: Akan ada 2 pemenang beruntung dari FB &amp; Twitter yang mendapatkan hadiah pulsa INDOSAT 25K dari Adira Finance.

#KuisAdi…","","","",""
"164","internet indonesia itu cepat cepat memancing emosi  - paijo, 20 th, tinggal di desa, make tri/indosat""","","","",""
"165","Dan gak ada perbaikan dari indosat hmm payah nyesel gue kecewa banget @indosatcare","","","",""
"166","Yang murah tapi kualitas gak murahan?Indosat kan? #AppsdanRp1 #B #Rp1Lampung #kerjaseru","","","",""
"167","Yang murah tapi kualitas gak murahan?Pasti indosat
#AppsdanRp1
#B
#Rp1Lampung
#kerjaseru","","","",""
"168","@IndosatCare Oh iya min jaringan indosat di kuningan jawa barat lemah banget, internet jadinya lemot banget. Trus 4G juga ga suka nongol","","","",""
"169","@IndosatCare indosat error nih min.. masa dari jam 3 tadi speed cuma 250k ga beres nih ah padahal 4 lho","","","",""
"170","Balikpapan Kota Kelima Diluncurkannya Jaringan 4G LTE Indosat - https://t.co/N38XUAFDhs… https://t.co/hiyzrOjnHy #balikpapan","","","",""
"171","Good bye indosat, jasa2mu takan kulupa. Semoga msih ada pelangganya. @IndosatCare  #indosatooredoo #RIPim3 https://t.co/7GgggAZOls","","","",""
"172","@IndosatCare selamat malam kak, kok kecepatan internet indosat cuma segini sih. udah semingguan ini lho. lokasi suk… https://t.co/08Cv1bQ9Uv","","","",""
"173","Yang murah tapi kualitas gak murahan?Indosat kan?
#AppsdanRp1
#B
#Rp1Lampung
#kerjaseru","","","",""
"174","Cara Top Up dan Metode Pembayaran Paket Internet XL/Indosat Super Bundle Indovision https://t.co/MYZQf4llLt via @MeltikCorp","","","",""
"175","Indosat ooredoo murah bangetttt #AppsdanRp1 #B #Rp1Lampung #kerjaseru","","","",""
"176","@IndosatCare Lemes kalo ga ada pertanggung jawaban :( bye indosat...  Ganti telkomsel","","","",""
"177","@IndosatCare gabisa beli paket internet dari siang, terus tiba2 malah kepotong pulsa, padahal ga daftar apa2. Apa2an ini indosat ?","","","",""
"178","@IndosatCare RT @charlestedy: Sinyal jaringan internet 4G #indosat luar biasa busuk tp ketika dikomplain mlh se-akan2 menyalahkan seting an","","","",""
"179","Di negara lain udah mau 5g. Lah ini @indosatcare masih bangga dengan 2g. Sehat pegawai indosat","","","",""
"180","@indosatcare nyarin suruh ini itu udah dilakuin masih aja sinyal gak ada. Berarti lu yang busuk indosat","","","",""
"181","Balikpapan Kota Kelima Diluncurkannya Jaringan 4G LTE Indosat super kencang - https://t.co/N38XUAFDhs… https://t.co/nqqn2E7cp8 #balikpapan","","","",""
"182","@IndosatCare ANJING...  GA ADA PEMBERITAHUAN KALO QUOTA HABIS..  KENAK DATA PER KB 60RIBU HANGUS..  ANJING..  BANGK… https://t.co/gdSu8rrQ9z","","","",""
"183","Indosat ooredoo murah bangetttt
#AppsdanRp1
#B
#Rp1Lampung
#kerjaseru","","","",""
"184","Mundur Dari Indosat Ooredoo, Apa Pesan Alex Rusli ke Pemerintah? https://t.co/okUlsVTnZD","","","",""
"185","Mundur Dari Indosat Ooredoo, Apa Pesan Alex Rusli ke Pemerintah? https://t.co/aZW4cGmYlo https://t.co/Fe0oAHNOzv","","","",""
"186","RT @IM3Ooredoo: Penawaran terbatas sd 1 Okt! Hanya dgn langganan Super Plan di Gerai Indosat Ooredoo, kamu bs dpt SMARTPHONE GRATIS! https:…","","","",""
"187","@IndosatCare indosat parah sinyal buruk, udh h+ sinyal cuman 2 wkwk parah parah","","","",""
"188","RT @IM3Ooredoo: Penawaran terbatas sd 1 Okt! Hanya dgn langganan Super Plan di Gerai Indosat Ooredoo, kamu bs dpt SMARTPHONE GRATIS! https:…","","","",""
"189","maaf , kok kecepatan internet kartu indosat saya lemot yah , @indosatcare","","","",""
"190","BNP Paribas Tawarkan Investasi Reksadana Lewat Aplikasi Indosat Ooredoo - https://t.co/StTa7Sv6us","","","",""
"191","Sinyal jaringan internet 4G #indosat luar biasa busuk tp ketika dikomplain mlh se-akan2 menyalahkan seting an hape pelanggan yg ga bnr. ckck","","","",""
"192","@IndosatCare sy disms promo internet sama akun Indosat tp udh ngetik sesuai format knp ga ada2 blsan? Jdnya ga bs2 apply promonya nih. Help","","","",""
"193","@IndosatCare penyakit indosat kalo ujan, sinyal internet mati. Pfft. Sinyal internetnya luntur kali ya kena ujan.B198","","","",""
"194","Beli paket data Indosat tapi belum bisa dipakai, udah makan pulsa pula internetnya :(","","","",""
"195","Balikpapan Kota Kelima Diluncurkannya Jaringan 4G LTE Indosat super kencang - https://t.co/N38XUAFDhs… https://t.co/iaDPIhRynq #balikpapan","","","",""
"196","BNP Paribas Tawarkan Investasi Reksadana Lewat Aplikasi Indosat Ooredoo https://t.co/qA9ECBJcfC #yogyakarta https://t.co/xLNfjcLhUv","","","",""
"197","@IndosatCare aku ga suka DM-DM an....  Tapi ini serius indosat jelek banget internet kok ga bisa...","","","",""
"198","@arman_dhani seneng banget Indosat Oredo jebol 29gb","","","",""
"199","RT @guffybach: @ikramarki Setya Novanto klo nomer indosat pulsanya abis, diisiin sama owner Telkomsel. Begitu juga sebaliknya #ThePowerOfSe…","","","",""
"200","@IndosatCare nanya min. internet sinyal indosat di daerah tegalwaru, cilamaya (karawang, jawa barat) saat ini ada gangguan y?""","","","",""
"201","indosat super internet 4,5GB https://t.co/gGoGnVlVso #indosat #indosatsuperinternet #seo #web 089635111111","","","",""
"202","Boss @alexanderrusli kok jaringan internet indosat makin berantakan ya!","","","",""
"203","BNP Paribas Tawarkan Investasi Reksadana Lewat Aplikasi Indosat Ooredoo https://t.co/J6UVHWZoqa","","","",""
"204","Kamu pake Indosat ya ??? Karena sinyal- sinyal cintamu sangat kuat sampai ke hatiku.Hahaha :D *gombal","","","",""
"205","Kamu pake Indosat ya ??? Karena sinyal-sinyal cintamu sangat kuat sampai ke hatiku. #junewish","","","",""
"206","""Aku yakin banget kalau kamu pake kartu indosat..!! buktinya sinyal-sinyal cinta kamu begitu kuat banget menusuk ke jantung hati aku""","","","",""
"207","@IndosatCare @inDani_us indosat makin hari makin parah jaringgannya,,, udah 2 hari ini gk bisa gunakan paket data k… https://t.co/iyYsGaKvjy","","","",""
"208","Balikpapan Kota Kelima Diluncurkannya Jaringan 4G LTE Indosat super kencang - https://t.co/N38XUAFDhs… https://t.co/jVKudJKkzD #balikpapan","","","",""
"209","@IndosatCare dari tadi jam 21.00 ko kartu indosat saya ga konek ke internet ya? Lagi gangguan ?","","","",""
"210","@alexanderrusli bos Kok indosat mu lemot parah sih,Ini sih udah krtu trlemot se indo. Indsatcare mu cman basa basi doang nanya,tp g ad hasil","","","",""
"211","@IndosatCare min...skr indosat ud beberapa bulan di jakarta selatan kok 4G nya lemot sangat yaa dan 3G nya juga ga naik turun","","","",""
"212","Sedikitnya sdh 5x tlp ke CS @IndosatCare,  3x datang ke gerai indosat namun tidak menyelesaikan masalah sama sekali &amp; hanya janji2 belaka","","","",""
"213","Aduh jaringan indosat lagi lemot..? Kemarin katanya ad perbaikan tapi mana jaringann 3G masih lemot..?!!!!!","","","",""
"214","@IndosatCare sya lihat sngat bbyak komplain lemotnya indosat parahnya indosat.. Sbnrnya kmu lporin k atsan kmu g sih.. Kok g ad prubhan.. Hmpir smua wilyah","","","",""
"215","@IndosatCare : Min Tlg bantu yah? Ud kepotong pulsa buat kuota tp ga bs akses internet. Tlg info nmr call center indosat yg bisa dihubungi?","","","",""
"216","RT @guffybach: @ikramarki Setya Novanto klo nomer indosat pulsanya abis, diisiin sama owner Telkomsel. Begitu juga sebaliknya #ThePowerOfSe…","","","",""
"217","@IndosatCare Saya dapet sms dari indosat, di suruh isi ulang pulsa 10rb cuma setelah Saya isi masih engga bisa. Mohon infonya. Terimakasih","","","",""
"218","@endangpanjul Silakan ke Gerai Indosat terdekat kak, agar bisa dilakukan pergantian kartu dengan nomor yang sama. Thx ^Way","","","",""
"219","RT @guffybach: @ikramarki Setya Novanto klo nomer indosat pulsanya abis, diisiin sama owner Telkomsel. Begitu juga sebaliknya #ThePowerOfSe…","","","",""
"220","@IndosatCare nomor saya masih blm bisa dipakai untuk internet sejak indosat eror minggu lalu. Lemot sekali. Harus bolak balik restart spy bs","","","",""
"221","@IndosatCare halo indosat sy 2x ini bli pkt data di bukalapak, saat sms pkt data diproses tiba2 ada sms internet /kb pdhal saya pk wifi","","","",""
"222","Jual paket internet murah INDOSAT XL TRI, yuk kepoin whatsapp 085777770587.. id kaskus: fahrisya","","","",""
"223","RT @guffybach: @ikramarki Setya Novanto klo nomer indosat pulsanya abis, diisiin sama owner Telkomsel. Begitu juga sebaliknya #ThePowerOfSe…","","","",""
"224","@IndosatCare slmt malam. Kenapa di kota saya indosat kalo mati lampu sinyal hilang. Dan 4gnya lambat.","","","",""
"225","Pagi min @IndosatCare paket internet indosat klo tinggal seminggu lelet bgt yah? Padahal kuota masih banyak","","","",""
"226","@ccp_123 Hai Kak, Kami bisa bantu apa nih terkait Indosat? Share yuk detailnya via DM Kak. Terima kasih ^Anin https://t.co/akKvc8g2MI","","","",""
"227","RT @OFCPrillversMLG: PRILLVERS Jgn lupa vote @PrillyBie 
Voting periode 19Sep - 19Okt 2017
Operator:Telkomsel,Indosat,XL,M3,Smartfren. 1KAR…","","","",""
"228","@IndosatCare Yth. Management indosat, sistem kalian bermasalah. Pulsa saya habis terpakai tapi saya tidak mendapatk… https://t.co/uuWUoNCcDO","","","",""
"229","Kamu pake Indosat ya ??? Karena sinyal-sinyal cintamu sangat kuat sampai ke hatiku. @Nadila_JKT48","","","",""
"230","@eleveniacare Mhn bantuannya cek transaksiku di No Pesanan 201709091466319 pkt internet Indosat 4GB kok smp skr msh blm masuk ya. Thx","","","",""
"231","""Aku yakin banget kalau kamu pake kartu indosat..!! buktinya sinyal-sinyal cinta kamu begitu kuat banget menusuk ke jantung hati aku""","","","",""
"232","@IndosatCare mau upgrade kartu 3g ke 4g di galeri indosat ada bonusnya gak min?","","","",""
"233","RT @AdiraFinanceID: Akan ada 2 pemenang beruntung dari FB &amp; Twitter yang mendapatkan hadiah pulsa INDOSAT 25K dari Adira Finance.

#KuisAdi…","","","",""
"234","Ada yg ngalamin juga 4G indosat menyambungkan terus??? Kenapa yaah?? Nggak konek susah","","","",""
"235","@IndosatCare Mimiiiin udah mau seminggu lho jaringan 4G indosat msh gk bisa di pake!! Beneriin kek! Capee hati ni ngedumel muluk!!!B238","","","",""
"236","@IndosatCare min indosat lagi gangguan ya?cek mbankinh ga bisa pdhl di operator lain gpp,mau cek kuota paket harian juga ga bisa.Gmn nih min","","","",""
"237","@IndosatCare Ayo luncurkan promo-promo indosat mur4h internet,tlp,sms  bos. Biar pelanggan indosat ooredoo senang.","","","",""
"238","@IndosatCare malam min... indosat lg gangguan ya?","","","",""
"239","/rlt/ yg pake indosat itu pake kartu kuota tau paketan langsung? Saran dong pake im3 ?? Bagus mana","","","",""
"240","Indosat jaringannya error di jatiwaringin pondok gede","","","",""
"241","Kenapa sms saya tiap hari pending kualitas indosat berkurang ...? Tolong diperbaiki @IndosatCare","","","",""
"242","Sinyal tai #indosat #axis","","","",""
"243","""Aku yakin banget kalau kamu pake kartu indosat..!! buktinya sinyal-sinyal cinta kamu begitu kuat banget menusuk ke jantung hati aku""","","","",""
"244","nanonanovi Hi Kak, untuk setingan APN bisa diisi INTERNET dan username Password dikosongkan ya. Thanks ^Rani — Indosat Ooredoo Care (Indos…","","","",""
"245","Indosat restart router dong, jaringan busuk nih.","","","",""
"246","@rlthingy kalo gue udah demen banget indosat sih puas deh &gt;&lt;","","","",""
"247","RT @AdiraFinanceID: Akan ada 2 pemenang beruntung dari FB &amp; Twitter yang mendapatkan hadiah pulsa INDOSAT 25K dari Adira Finance.

#KuisAdi…","","","",""
"248","@Indosatcare 2 hari ini  Indosat jaringannya putus nyambung mulu , Not good, ora penak, cepetan dibenerin min capek hati &amp;pikiran kecewa aku lo","","","",""
"249","RT @AdiraFinanceID: Akan ada 2 pemenang beruntung dari FB &amp; Twitter yang mendapatkan hadiah pulsa INDOSAT 25K dari Adira Finance.

#KuisAdi…","","","",""
"250","@minguardian @pledis_17 Sinyalnya nyendat2  lemot gara2 tmpatnya, ato gk krtu indosat yg ngeselin ????","","","",""
"251","Indosat always sinyalnya astagfirullah aladzim??????jaringan 4G tapi begini???????? Lemot mengecewakan https://t.co/uNak4r5Zx8","","","",""
"252","doniafriadi Pagi Kak, paket internet kami ada paket Super Internet, Paket Freedom Mini dan Freedom Combo. Thanks ^Rani","","","",""
"253","Kamu pake Indosat ya ? Karena sinyal-sinyal cintamu sangat kuat sampai ke hatiku.","","","",""
"254","@IndosatCare min, minta tlng donk speed 4G indosat saya lemot bgt ini, masa 3G mlh lbh cepet buat apa 4G klo gtu… mengecewakan goblok banget https://t.co/yx9LgJ4hwg","","","",""
"255","@Eka_lesmana508 Malam kak, kami cek nomornya masih aktif nih. Bisa kok silakan datang ke Gerai Indosat terdekat. Tq ^Aji","","","",""
"256","Sabar sabar lah gue pake kartu kampret indosat ini","","","",""
"257","@indosatcare 085871541144 min no indosat saya masih bisa diaktifkan lagi tidak soalnya itu cuma kartu nya saja yang rusak .","","","",""
"258","Balikpapan Kota Kelima Diluncurkannya Jaringan 4G LTE Indosat super kencang - https://t.co/N38XUAFDhs… https://t.co/cxhYHzVhrj #balikpapan","","","",""
"259","RT @guffybach: @ikramarki Setya Novanto klo nomer indosat pulsanya abis, diisiin sama owner Telkomsel. Begitu juga sebaliknya #ThePowerOfSe…","","","",""
"260","@mayangtriasih Ternyata banyak yg ngalamin ya pulsa indosat kepotong sendiri habis sendiri.. gmn nih @IndosatCare ??? #pulsaindosatkepotongsendiri","","","",""
"261","RT @guffybach: @ikramarki Setya Novanto klo nomer indosat pulsanya abis, diisiin sama owner Telkomsel. Begitu juga sebaliknya #ThePowerOfSe…","","","",""
"262","@IndosatCare hallo indosat, mau tny koneksi indosat sdg bermasalah ya? Sejak kmrn malam ga bisa pakai internet. Dan ga bisa kirim sms.Thanks","","","",""
"263","Indosat hari biasa parah bgt lemotnya. Ini ditambah hujan makin2 ya. Kzl.","","","",""
"264","Tidak membantu sama sekali info indosat ini makin parah","","","",""
"265","@petalspeach Hai kak, unt paket freedom plus tdk memiliki benefit telp gratis ke sesama Indosat ya kak. Salam ^dini","","","",""
"266","Kalau untuk mengganti kartu SIM yang rusak, bisa di ganti di Galeri Indosat kan ? Syarat dan dokumen yg harus di bawa apa ya ? @IndosatCare","","","",""
"267","Indosat parah banget min @IndosatCare masa  4G cuma 0.06 kbps ???? help https://t.co/jg736vZIv0","","","",""
"268","@ikramarki Setya Novanto klo nomer indosat pulsanya abis, diisiin sama owner Telkomsel. Begitu juga sebaliknya #ThePowerOfSetnov","","","",""
"269","@rlthingy AXIS, 3, Indosat. Tapi sinyalnya busuk. ))","","","",""
"270","@rlthingy indosat parah ","","","",""
"271","@IndosatCare Sudah dm dan masih menunggu jawaban dari indosat perihal internet saya yang 2 bulan ga jalan. Katanya mau diinfo secepatnya.","","","",""
"272","Maaf kalomau nanya ada transaksi pemakaian pulsa di nomer indosat bisa gk ya ? @IM3Ooredoo","","","",""
"273","Test koneksi internet Indosat  Downloads kenceng tapi kurang stabil https://t.co/OD6URMVEqn","","","",""
"274","@IndosatCare Tiap diatas jam 12 malam sinyal langsung no service, sekalinya ada sinyal gak bisa internet, terima kasih indosat :)","","","",""
"275","@IndosatCare ini sinyal masih lemot aja ya njing, jgn cuma nanya doang nomer apa lokasi tapi perbaikannya mana INDOSAT TOLOL!!!","","","",""
"276","@andiska Indosat konek ?","","","",""
"277","taemakr Pagi kak. Boleh DM nomor, lokasi dan sinyal internet atau telpon ya. Thanks ^Ari","","","",""
"278","Nomor Cantik iM3 Starter Pack Perdana... https://t.co/tInMvLWcGU","","","",""
"279","RT @AdiraFinanceID: Akan ada 2 pemenang beruntung dari FB &amp; Twitter yang mendapatkan hadiah pulsa INDOSAT 25K dari Adira Finance.

#KuisAdi…","","","",""
"280","lodisanjaya_ Bisa DM nomor HP, paket internet apa, cara daftar, keterangan, pulsa kepotong. Thx ^Way","","","",""
"281","Sinyal indosat malam ini busuk sekali, saudara-saudara. ??","","","",""
"282","Saat indosat super bapuk langsung pindah telkomsel lancar benerrrr","","","",""
"283","Balikpapan Kota Kelima Diluncurkannya Jaringan 4G LTE Indosat super kencang- https://t.co/N38XUAFDhs… https://t.co/basSaOoBZq #balikpapan","","","",""
"284","RT @chandra_dewi29: @andiarief__ Kalo PDIP berkuasa begini jadinya. Katanya Indosat mau di beli lagi lah kok malah BUMN yg lain mau di obra…","","","",""
"285","@IndosatCare  Indosat lg error bukan ko buka aplikasi lama sih","","","",""
"286","@IndosatCare selamat malam, min saya mau tanya nih, untuk melihat masa tenggang kartu indosat bagaimana caranya yah??","","","",""
"287","Yg mention k indosat care ma telkomsel beda bet. Indosat care marah marah urusan sinyal ilang. ??????","","","",""
"288","@nvndn__kim @pledis_17 Seriusan? Eh iya sih anak2 svt dulu pas fanmeeting pake indosat yak pas upload ke twitter di… https://t.co/HqitIXyPRZ","","","",""
"289","Hai @IndosatCare 
Berapa sih kecepatan wajar dari 4G-nya Indosat? Saya tidak di pelosok lho. https://t.co/8VzTQgAaC9","","","",""
"290","RT @MochamadZakyFa2: @IndosatCare min, koneksi internet indosat di hp saya kok hilang ya mulai kemarin siang Posisi saya di jakarta selatan","","","",""
"291","@IM3Ooredoo knp sekarang inet indosat gak bisa di daerah jelambar jaya ya min ? Sudah 2 hari gak bisa akses internet. Tq","","","",""
"292","@IndosatCare kok di kalimantan jaringan data internet indosat lemot banget ya? padahal saya tinggal di perkotaan,juga datanya sering ngilang","","","",""
"293","RT @IM3Ooredoo: Penawaran terbatas sd 1 Okt! Hanya dgn langganan Super Plan di Gerai Indosat Ooredoo, kamu bs dpt SMARTPHONE GRATIS! https:…","","","",""
"294","@IndosatCare min nomor indosat bokap gw kok internet nya lemot banget katanya min, 085771587435 nomornya","","","",""
"295","Hadeh internet d rumah lagi buluk amat, ga indihome ga indosat sma2 lg suram","","","",""
"296","@ustadtengkuzul Katanya buy back Indosat! Hoax","","","",""
"297","@IndosatCare halo indosat sudah beberapa hari sinyal lte/3g jelek nihh gimana ?","","","",""
"298","RT @AdiraFinanceID: Akan ada 2 pemenang beruntung dari FB &amp; Twitter yang mendapatkan hadiah pulsa INDOSAT 25K dari Adira Finance.

#KuisAdi…","","","",""
"299","@IndosatCare min, paket internet yg M itu dapat geratis telpon sesama Indosat gak? Tq","","","",""
"300","Jaringan Indosat di Berau gak stabil belum bisa ngeMoba ??","","","",""
"301","@IndosatCare Indosat kenapa sih? udah 2 hari setiap 7 kesana internet lemot? main game online pun gak bisa??? hadeeeeeh","","","",""
"302","Maaf mba paket internet saya sudah ga pake indosat lagi, no indosat cuman buat sms an aja  https://t.co/JF4uriH1NM","","","",""
"303","chandrasikofet Bisa jadi saat kakak akses internet muncul iklan pop up, tanpa sengaja kakak terklik tombol langganan kak. ^Emma","","","",""
"304","indosat super internet 4,5GB https://t.co/gGoGnVlVso #indosat #indosatsuperinternet #seo #web 089635111111","","","",""
"305","Paket internet indosat juga sama saja kampret. Mari listrik ga bisa connect. Indonesia di kelola monyet kali. .","","","",""
"306","@IndosatCare, baru tau kalau ada penyesuaian tarif internet freedom combo yah? Ampun deh... Semakin mahal saja internet indosat.","","","",""
"307","@IndosatCare nomor Indosat saya mengalami gangguan jaringan internet 4G nya lambat","","","",""
"308","RT @OFCPrillversMLG: PRILLVERS Jgn lupa vote @PrillyBie 
Voting periode 19Sep - 19Okt 2017
Operator:Telkomsel,Indosat,XL,M3,Smartfren. 1KAR…","","","",""
"309","@IndosatCare kasihan follower saya harus dibanjiri tweet keluhan ke Indosat
@YLKI_ID","","","",""
"310","@IndosatCare selamat malam. Untuk nomor indosat saya tidak dpt mengakses internet. Padahal sudah terdaftar paket inet. Thx","","","",""
"311","RT @OFCPrillversMLG: PRILLVERS Jgn lupa vote @PrillyBie 
Voting periode 19Sep - 19Okt 2017
Operator:Telkomsel,Indosat,XL,M3,Smartfren. 1KAR…","","","",""
"312","Koneksi lemot dasar indosat","","","",""
"313","indosat super internet 4,5GB https://t.co/ahMF0OQ20L #indosat #indosatsuperinternet #seo #web sms/wa089635111111 #olshop #pulsa","","","",""
"314","@IndosatCare indosat sinyal terlambat lemot parah yg pernah ada","","","",""
"315","RT @AdiraFinanceID: Akan ada 2 pemenang beruntung dari FB &amp; Twitter yang mendapatkan hadiah pulsa INDOSAT 25K dari Adira Finance.

#KuisAdi…","","","",""
"316","@IM3Ooredoo jaringan indosat di ciapus kenapa yah? Ciapus tamansari bogor jawa barat. Terima kasih.","","","",""
"317","Dr kmrn sinyal indosat parah bgt, 4G tp reconect terus..
Gmn ini @IndosatCare","","","",""
"318","RT @IM3OoredooJBR: Penawaran terbatas sd 1 Okt! Hanya dgn langganan Super Plan di Gerai Indosat Ooredoo, kamu bs dpt SMARTPHONE GRATIS! htt…","","","",""
"319","@IndosatCare Kmrn sy dpt tlp dr indosat prihal no sy berkesempatan jd no pascabayar &amp; bonus xxxl setelah aktivasi 1x24jam.","","","",""
"320","Indosat is so bad in Bekasi","","","",""
"321","rafikarahmi Bisa info mau daftar paket internet apa, cara daftar, pulsa sudah terpotong belum? Thx ^Way","","","",""
"322","@IndosatCare indosat sedang bermasalah utk daerah kebon pedes kota bogor kah? Udah 2 hari susah utk konek internet, kuota masih ada. Trims.","","","",""
"323","2 fantastic Leaders in Indosat .. @alexanderrusli  and @RudyDali .. terima kasih utk semuanya.. bangga sudah jadi I… https://t.co/ZcMn0eSoD8","","","",""
"324","duh tiptop rwmngn tuh blackhole nya indosat jir gaada sinyal dong nanti","","","",""
"325","@IndosatCare mohon bantuan mengapa sinyal internet indosat di daerah Perum Villa Tatira, Tigaraksa, Tangerang akhir2 ini buruk.","","","",""
"326","Sinyal indosat @IndosatCare ini semakin lama makin menyedihkan, skrg jgnkan 3G, H+ aja turun naik. Bapuk.","","","",""
"327","Dgn kata lain, pak @alexanderrusli sukses (kembali) bikin indosat jd operator no.2 terbesar di indonesia","","","",""
"328","Internet indosat lagi jelek-jeleknya","","","",""
"329","@IndosatCare mohon bantuan mengapa sinyal internet indosat di daerah Perum Villa Tatira, Tigaraksa, Tangerang akhir2 ini buruk.","","","",""
"330","kontakBRI: isnaerem Selamat sore. Provider yang dapat digunakan untuk layanan Internet Banking adalah Indosat, Telkomsel, XL, AXIS dan Tri.…","","","",""
"331","@IndosatCare knpa no m3 ade saya gak pernh dapat penawaran kuota internet hemat padahl sudah jadi pelanggan indosat slama 7th","","","",""
"332","@IndosatCare internet saya kok makin lemot ya daripada sebelumnya. Ada kendalah lah di Indosat","","","",""
"333","Gw gak tau sampe dimana revitalisasi jaringan bts mereka, tp klo dilihat lap keu stlh itu, menunjukkan indosat mulai membaik","","","",""
"334","Balikpapan Kota Kelima Diluncurkannya Jaringan 4G LTE Indosat super kencang- https://t.co/N38XUAFDhs… https://t.co/b344H5ic0q #balikpapan","","","",""
"335","Gak slah klo awal2nya indosat merugi ckp bsr. Capex-nya aja bs bikin bleeding yg lmyn plus terdepresiasi pula utangnya dlm bentuk dollar","","","",""
"336","Saya menambahkan video ke playlist @YouTube https://t.co/3wdjWSHzpO cara internet gratis indosat di android 2017 Paling Ampuh Edisi","","","",""
"337","@IndosatCare mau baca https://t.co/03w4sWIHMG saja susah. Kecewa dgn jaringan indosat, signal penuh tp internet kyk siput.""","","","",""
"338","Indosat sinyal cacat njir_- #KWF2017","","","",""
"339","indosat super internet 4,5GB https://t.co/ahMF0OQ20L #indosat #indosatsuperinternet #seo #web sms/wa089635111111 #olshop #pulsa","","","",""
"340","@IndosatCare min, paket freedom internet plus itu ada bebas telp & sms dgn sesama indosat nya ga?""","","","",""
"341","Hmmm indosat makin parah aja. Buat internet makin lelet di tambah gk bisa buat transferpulsa. Hmmm lama2 indosat... https://t.co/GVS2TDX6Db","","","",""
"342","@IndosatCare kalo tidak salah sejak hari minggu, dan seterusnya mendapat sms dri indosat pulsa berkurang karena pemakaian internet","","","",""
"343","RT @IM3Ooredoo: Penawaran terbatas sd 1 Okt! Hanya dgn langganan Super Plan di Gerai Indosat Ooredoo, kamu bs dpt SMARTPHONE GRATIS! https:…","","","",""
"344","@IndosatCare selamat malam indosat saya punya keluhan masalah jaringan internet kok lemot banget ya pdhl kuota ada bnyak tlng diperbaiki tq","","","",""
"345","Indosat itu menyedot pulsa ngga bilang ya.. didiemin sms nyedot pulsa masuk terus. mau kaya tapi nipu.  Ckck.. @IndosatCare @IndosatOoredoo","","","",""
"346","@IndosatCare kcewa dngan internet indosat sinyal h+ tapi speed lelet bgt hnya bsa buat chat,untuk fb aja susah,rugi saya beli kuota mahal2","","","",""
"347","selamat malam @IndosatCare apakah indosat ada layanan dedicated internet?","","","",""
"348","@IndosatCare kenapa akhir2 ini sinyal internet indosat jadi kurang memuaskan, mohon perbaikannya  saya daerah Cibiru Kota Bandung.","","","",""
"349","Sinyal internet indosat di rumah parongpong (iya, desa banget) lama2 makin menyedihkan. Ngetwit aja failed berkali2","","","",""
"350","Indosat lemottttt parah bangettt, biasa nya gak gini ??","","","",""
"351","indosat anjir lah... jaringan kek tai ?????? #KWF2017","","","",""
"352","chilinad Hi ka, maaf banget ya kalo paket Super Internet memang ada pembagian kuotanya ka. ^iyos","","","",""
"353","((Indosat suka ngajak ribut sih bram ??)) https://t.co/EE3UFXJnS9","","","",""
"354","Gak berlangganan paket Indosat Internet, koq pulsa-ku disedot 30.000 sm Indosat. Aneh Indosat-ku ini. Apa krn Pulsa-ku bnyk ya?","","","",""
"355","@IndosatCare sdh 1 tahun gak sy pake nih internet dari indosat, ternyata gak berubah. Malah makin parah pelayanannya","","","",""
"356","kecewa pkai indosat leletnya bkn main, engga tangung2 dijaringan 3G saja menyambungkn bhkan kluar sinyal edge,semoga ttp jaya @indosatcare","","","",""
"357","RT @davidsanjayaaaa: @IndosatCare jaringan indosat saya kok ngak bisa di buat akses internet?","","","",""
"358","Indosat kalo jam segini udah mulai error sinyal nya )","","","",""
"359","indosat super internet 4,5GB https://t.co/gGoGnVlVso #indosat #indosatsuperinternet #seo #web 089635111111","","","",""
"360","Anda tau min gimana terganggunya jaringan internet saya dari minggu-minggu kemaren ? Sangat mengganggu sekali ini indosat @IndosatCare","","","",""
"361","RT @IM3Ooredoo: Penawaran terbatas sd 1 Okt! Hanya dgn langganan Super Plan di Gerai Indosat Ooredoo, kamu bs dpt SMARTPHONE GRATIS! https:…","","","",""
"362","Kamu pake Indosat ya ??? Karena sinyal-sinyal cintamu sangat kuat sampai ke hatiku. @SteffyChiBi #SUgombal","","","",""
"363","ernedy_ Pagi kak, memang ada paket internet yang aktif tidak kak? Atau data selulernya sudah dimatikan? ^mily","","","",""
"364","Indosat lagi eror atau gimana sih? Ko dr hari sabtu ga ada layanan terus @indosatcare","","","",""
"365","Sinyal indosat jan tai tenan","","","",""
"366","rickyrich_j Bisa DM nomornya masih yang 6133? sinyal internet 3G/4G. Thx ^Way","","","",""
"367","@IndosatCare min kok Internet Indosat beberapa hari ini lemot ya, padahal sinyal 4g, tapi kok lelet","","","",""
"368","@IndosatCare susah akses internet oake indosat di jln mandala cijantung https://t.co/ltNmRTIdeA https://t.co/XTmkAXBrl1 (1/2)","","","",""
"369","Penawaran terbatas sd 1 Okt! Hanya dgn langganan Super Plan di Gerai Indosat Ooredoo, kamu bs dpt SMARTPHONE GRATIS… https://t.co/PTj3hLYPZ5","","","",""
"370","devinalistyana Malam kak. Coba DM kami nama, nomor, jenis HP, lokasi dan sinyal untuk internet atau telpon ya? Thanks ^Ari","","","",""
"371","RT detikcom ""Mau Ditinggal CEO, Ini Peluang dan Tantangan Indosat https://t.co/dPrNECDmdO https://t.co/lscME4OxjP""","","","",""
"372","@IndosatCare malam min. Apa indosat sedang ada gangguan atau tidak ? Soalnya sudah 3 hari ini internet nya super lemot sekali. Mohon di cek","","","",""
"373","@IndosatCare Kenapa ya, akhir-akhir ini internet indosat suka tiba-tiba nyala mati selang 2 detik? Download lewat google juga lambat.","","","",""
"374","jaringan internet @IndosatCare mulai rese lg nih  kapan bisa bener"" stabilnya sih, gk nyaman bener pake indosat","","","",""
"375","indosat super internet 4,5GB https://t.co/gGoGnVlVso #indosat #indosatsuperinternet #seo #web 089635111111","","","",""
"376","Min, perdana indosat yg paket internet kan ada bonus telpon ke sesama gratis selama 3bln tp ini blm ada 1 bln kok udh gabisa @IndosatCare","","","",""
"377","@IndosatCare sinyal internet indosat di denpasar dari kemarin malam ada gangguan ya? Soalnya internetan jadi lambat. Sekarang juga masih.","","","",""
"378","@IndosatCare @Diczkey Layanan Internet Indosat makin jelek","","","",""
"379","Balikpapan Kota Kelima Diluncurkannya Jaringan 4G LTE Indosat super kencang- https://t.co/N38XUAFDhs… https://t.co/vxxJaLOV7E #balikpapan","","","",""
"380","@IndosatCare mau tanya dong,,indosat di Bekasi timur knpa ya kok gak bisa internet ma jaringannya,,apa lagi ada gangguan,,","","","",""
"381","Saya menambahkan video ke playlist @YouTube https://t.co/tVRHd2e674 Paket Murah Indosat Ooredoo | Internet Gratis","","","",""
"382","Abdi teh kudu kumaha? Sabar sabar tapi teh teu aya hasilna, ttp wae lemot ini teh internet, goodbye indosat besok ganti provider!!!!","","","",""
"383","MyIM3 keren banget bisa cek pulsa, tagihan,kuota internet,beli pkt data, dll. Yuk ah segera install MyIm3 di hp kamu""","","","",""
"384","Nyesel parah beli paket internet indosat, entah apa yg salah but is not good at high buildings.","","","",""
"385","Strategi Indosat Manjakan Pelanggan Dengan Paket Lengkap dari SMS, Telpon Hingga Internet https://t.co/hKyL5uMZrq","","","",""
"386","Kadang heran sama para CSnya Indosat. Kira2 mereka pake provider Indosat jg ndak ya buat koneksi internet? #netizenbertanya","","","",""
"387","Murah. Perdana Internet Indosat 9GB 2... https://t.co/DXtUngNWC5","","","",""
"388","@IndosatCare Hi Indosat care sudah 2 bulan ini saya gagal beli paket.  Freedom Combo atau Freedom internet.  Please help.","","","",""
"389","IndosatCare: aldhie_bogor Ka, bedanya utk Freedom Internet plus tdk ada bonus telpon unlimited ke Indosat. Pulsanya kami cek dulu. Tunggu u…","","","",""
"390","@IndosatCare min tlg, ini indosat lg gangguan apa? Tab mama saya sama hape saya gada sambungan jar. Internet . https://t.co/dw3omwsWPc","","","",""
"391","indosat super internet 4,5GB https://t.co/ahMF0OQ20L #indosat #indosatsuperinternet #seo #web sms/wa089635111111 #olshop #pulsa","","","",""
"392","Indosat rampok, kecolongan pakai internet tanpa paket cuma 3,3mb langsung kemakan 20rb. @IndosatCare https://t.co/7fC2tVcdCt","","","",""
"393","@plentoenk89 @IndosatCare @IM3 pie carane tung?? wong indosat e wae ngmng rak biso...","","","",""
"394","RT @IM3Ooredoo: Penawaran terbatas sd 1 Okt! Hanya dgn langganan Super Plan di Gerai Indosat Ooredoo, kamu bs dpt SMARTPHONE GRATIS! https:…","","","",""
"395","@IsatOoredooTBN tolong d perbaiki y signal indosat di punggulrejo rengel tuban kok gk pernah bagus,","","","",""
"396","Kamu pake Indosat ya ??? Karena sinyal-sinyal cintamu sangat kuat sampai ke hatiku.","","","",""
"397","@IndosatCare min TD ada yg tlp sy Katanya dari Indosat Ooredoo. Tp setelah sy angkt &amp; tny nm sy langsung mati","","","",""
"398","RT @IM3Ooredoo: Penawaran terbatas sd 1 Okt! Hanya dgn langganan Super Plan di Gerai Indosat Ooredoo, kamu bs dpt SMARTPHONE GRATIS! https:…","","","",""
"399","@IndosatCare selamat malam min, mohon koneksi internet indosat lebih di perbagus lagi. Makasih","","","",""
"400","Hujan dan sinyal Indosat layaknya kita yang tidak pernah bisa bersatu","","","",""
"401","RT @IM3Ooredoo: Penawaran terbatas sd 1 Okt! Hanya dgn langganan Super Plan di Gerai Indosat Ooredoo, kamu bs dpt SMARTPHONE GRATIS! https:…","","","",""
"402","@IndosatCare min selain nyuruh buka web Indosat, ada kalimat lain gak  buat jelasin arti bonus kuota hingga 10 GB di freedom internet plus ?","","","",""
"403","Indosat.. tolong saya dibantu proses perpanjangan otomatis Paket Internet, PULSA saya CUKUP, sisa Kuota Utama 3,41GB, kenapa Paket Diputus?","","","",""
"404","Min kok indosat jaringan internet  lelet banget yaaa? @IndosatCare","","","",""
"405","@IndosatCare pas proses unreg berhasil dan sy mau pindah layanan paket indosat, tiba2 muncul sms pemakain pulsa internet 61900","","","",""
"406","@IndosatBusiness @IndosatCare  CS Indosat muter-muter gak jelas. Gak mau terima info bahwa dilokasi yg saya sebutka… https://t.co/odpcRCjjGi","","","",""
"407","@dnlwkrt di kantin Indosat, yg depan patung kuda parah:""))","","","",""
"408","indosat super internet 4,5GB https://t.co/ahMF0OQ20L #indosat #indosatsuperinternet #seo #web sms/wa089635111111 #olshop #pulsa","","","",""
"409","Balikpapan Kota Kelima Diluncurkannya Jaringan 4G LTE Indosat super ngebut- https://t.co/N38XUAFDhs… https://t.co/lLkW884v1S #balikpapan","","","",""
"410","Dear @IndosatCare knp ya sinyal indosat di rumah saya sangat jelek? Kalaupun ada sinyal, jarang sekali dapat 4G","","","",""
"411","Sudah 2x24 jam pun kartu Indosat masih bermasalah. Pulsa kesedot sampe ludes. Internet 17GB ga berguna sama sekali. Gimana min? @IndosatCare","","","",""
"412","Indosat Freedom Combo juga Bonus kuota malam hingga 10GB, buruan #herupulsa https://t.co/UhDwd9IlVp""","","","",""
"413","@Putriariiska17 Enaknya put ?? sayangnya ditempatku indosat masih edge ??","","","",""
"414","Cari kuota internet Indosat Ooredoo murah? Di serbaPay aja!!! https://t.co/IMGGJWkaqq  #forumku @forumkucom","","","",""
"415","Pulsa dan paket internet indosat oredoo tersedia lengkap dengan jaminan harga lebih murah dari harga operator https://t.co/VcfUTjJxyp","","","",""
"416","@IndosatCare min,, ini sinyal Indosat lgi error ya??","","","",""
"417","@IndosatCare SAYA TIDAK PUNYA KERJAAN LAIN SELAIN TWIT KESINI BIAR INTERNET SAYA LANCAR TIAP HARI SENENG BGT  PAKE  INDOSAT @IM3Ooredoo","","","",""
"418","@IndosatCare seperti ada yg pakai penguat sinyal disini , semua nomor indosat susah akses internet .. jika keluar… https://t.co/wH4mFEOnMO","","","",""
"419","Jangan sampe pake provider mahal lg kalo udah ada indosat di hp mu.
#AppsdanRp1
#B
#Rp1Lampung
#kerjaseru","","","",""
"420","Paketan internet indosat yang 100rb apa aja ya min @IndosatCare Makasih","","","",""
"421","@chaprizal Maaf sekali kak, bisa di coba untuk cek fisik kartu ya kak ke Gerai Indosat terdekat kak. Dg membawa KTP asli saat reg kak. ^dini","","","",""
"422","@IndosatCare internet indosat saya down terus. Sedang ada problem apa ya. Tologg bantuannya","","","",""
"423","RT @IM3Ooredoo: Penawaran terbatas sd 1 Okt! Hanya dgn langganan Super Plan di Gerai Indosat Ooredoo, kamu bs dpt SMARTPHONE GRATIS! https:…","","","",""
"424","@IndosatCare Terima kasih indosat sudah memberikan solusi untk jaringan internet saya..semakin sukses...","","","",""
"425","Penawaran terbatas sd 1 Okt! Hanya dgn langganan Super Plan di Gerai Indosat Ooredoo, kamu bs dpt SMARTPHONE GRATIS… https://t.co/rIlonFKUgo","","","",""
"426","Cara mendapatkan kuota internet murah indosat https://t.co/440eW2bMy9 lewat @YouTube","","","",""
"427","RT @IJNU_satu: @IndosatCare @ummugo_mugo Halah mbel Min Indosat... Sinyalmu paling busukk sak Endonesa.

Opo towermu gawe wet kates heh?","","","",""
"428","nathaniajoyce Hi kak, bisa pastikan nomornya ga terdaftar paket internet dulu ya. Thanks ^Rio","","","",""
"429","selamat sore @IndosatCare , bagaimana melakukan pembayaran via atm bca bg pelanggan pascabayar? krn trk ad opsi indosat di atm bca .thxb4","","","",""
"430","Yang murah tapi kualitas gak murahan?Indosat kan?
#AppsdanRp1
#B
#Rp1Lampung
#kerjaseru","","","",""
"431","@IndosatCare Terima kasih sudah diunreg. Mohon untuk tidak tibatiba ada iring ya indosat krn nomor ini untuk bekerj… https://t.co/jZMVOBi0FY","","","",""
"432","nyoba pake internet indosat, naudzubillah busuknya.","","","",""
"433","wp_carddaptor Bisa DM nomor HP, paket internet apa, cara daftar, keterangan, pulsanya. Thx ^Way","","","",""
"434","@IndosatCare hai min sinyal indosat mau gini gini aja gituhhh parah amat","","","",""
"435","Anjirr telat gak dpt trik indosat....makane kok akeh wong adol paketan dadakan......","","","",""
"436","@IndosatCare Min ini indosat kenapa lagi yah? Kok akses internet yaa lama sekali yaa","","","",""
"437","Surat Cinta q ke Indosat bener2 ampuh! ??????
Kudu diancem dulu baru sadar!","","","",""
"438","@IndosatCare sepertinya emang indosat yg lagi error nih sinyal atau kartu ku. Bs dibantu ga biar bs akses internet lg","","","",""
"439","@IndosatCare min mau tanya dong indosat knp signalnya jelek banget ya ?","","","",""
"440","bebindtjan Hi kak, data rollover berlaku untuk paket Freedom Combo dan Paket Internet bulanan regular aja ya kak. Makasih ^Tomo","","","",""
"441","@rajapatubosi @IndosatCare entahlah..indosat sikoq spt ini..hp oppo saya udh on off khan sebentar cpt seben… https://t.co/UzyLwAbSMf","","","",""
"442","Sejak hacker menjebol website Telkomsel jaringan internet jadi sering gangguan ya? Pindah ke Indosat dulu sementara","","","",""
"443","Sindir Tarif Kuota Internet Telkomsel Mahal, Indosat IM3 Ooredoo Banjir Hujatan Netizen… https://t.co/WAqSmhugmd","","","",""
"444","@IndosatCare  indosat memang lagi gangguan ya ? Kuota internet saya sama sekali gak bisa dipakai padahal sinyal H+..","","","",""
"445","Siqnal 4G Indosat Ooredoo di daerah rumah saya hanya 1 baris atau 2 baris, hal ini sangat mempengaruhi kualitas akses internet & telp/sms","","","",""
"446","@rajapatubosi @IndosatCare ya error...sinyal naik turun apalagi buat smartphone Oppo F1S dulu hp ku LG L80 juga spt… https://t.co/u5A8p4fMHA","","","",""
"447","indosat super internet 4,5GB https://t.co/gGoGnVlVso #indosat #indosatsuperinternet #seo #web 089635111111","","","",""
"448","RT @adoeenn: Mau Tanya Bpk. @alexanderrusli ,Sinyal Internet Indosat kenapa makin lama Makin ANCUR JELEK BGT Ya ??, Ud Thn 2017 jaringannya…","","","",""
"449","@IndosatCare hp oppo F1S ternyata ga cocok utk jaringan indosat ya..masa 10 GB lebih kuota sinyal naik turun?","","","",""
"450","@IndosatCare indosat memang lg gangguan ya ? Kuota internet saya susah sekali gak bisa dipakai gak konek pdhl sinyal H+ , mohon tanggapannya","","","",""
"451","RT @erasmus_bessie: Makin lama internet indosat makin menyebalkan. Awal pake indosat 4G, whuuii kecepatanya ok bgt! Eh, sekarang lelet kaya…","","","",""
"452","indosat super internet 4,5GB https://t.co/gGoGnVlVso #indosat #indosatsuperinternet #seo #web 089635111111","","","",""
"453","@IndosatCare @novee_lie Kl dm ku ko gak di balas ? Apa indosat lg error ??","","","",""
"454","@IndosatCare internet di daerah cipayung jaktim malam ini 5 sept 2017 lemot bgt kedua nmr indosat begitu nomor saya kedua duanya","","","",""
"455","Ih ku ga cs banget sama indosat kalo buat internet mah. Lama banget :(","","","",""
"456","@IndosatCare saya stres pakai kartu indosat kalian ini, saya dm gak di respon. Bagaimana ini ?? Apa admin lagi ikut demo ya ?","","","",""
"457","""Aku yakin banget kalau kamu pake kartu indosat..!! buktinya sinyal-sinyal cinta kamu begitu kuat banget menusuk ke jantung hati aku""","","","",""
"458","Kamu pake Indosat ya ??? Karena sinyal-sinyal cintamu sangat kuat sampai ke hatiku.","","","",""
"459","@IndosatCare Apakah rool over bisa digunakan untuk semua paket internet indosat? Bagaimana dengan paket internet super kuota?","","","",""
"460","RirisAndarini belum ada Kak, kalo paket internet yang khusus WA aja. :) ^Joy","","","",""
"461","@IndosatCare Indosat lagi gangguan atau gimana ya? Saya mau daftar freedom combo kok tidak bisa2 dari tadi?","","","",""
"462","zaff378 Sudah coba lakukan saran kami sebelumnya kak? Krn itu untuk memudahkan dlm mengakses internet menggunakan jaringan Indosat kak^mily","","","",""
"463","@krida_pw Padahal indosat keuangannya lagi bagus krid ngan loba promo ga jelas. Sisanya masih sama aja euy bakal kek gini jg haha","","","",""
"464","@rebsiburian @IndosatCare Wkwkwkwkwk emang ntan @rebsiburian pelayanan @IndosatCare itu jelek bangeett | nyesel aku pake paket indosat","","","",""
"465","@IndosatCare : mlm min.untuk pembelian paket freedom internet plus apkh dpt gratis tlf kesesama indosat?","","","",""
"466","RT @IM3OoredooMTR: Hari ini! Ayo ke gerai Indosat Ooredoo terdekat &amp; miliki Samsung Galaxy Note 8 hanya dgn Super Plan &amp; harga istimewa htt…","","","",""
"467","@krida_pw Okay krid semoga cpt beres masalahna jeung si indosat hahaha","","","",""
"468","@IndosatCare sekarang koq M banking semakin sulit dengan indosat","","","",""
"469","@IndosatCare sore..knp ya sya ga bsa dftar pket promo yg ditawarkan indosat pdhal berlaku smpek tgl 30?","","","",""
"470","INDOSAT DARI SEMALEM JARINGANNYA GA BENER!!! PARAH","","","",""
"471","Yuk pakai myIM3, bisa isi ulang, beli pkt internet, sampai byr tagihan BPJS. Aplikasi keren& inovatif indosat ooredoo https://t.co/2bU8Zilo1a""","","","",""
"472","ini speed 4G Indosat, @IndosatCare parah https://t.co/rMMXjJdcM7","","","",""
"473","Aplikasi ini gampang banget loh menggunakannya, mau beli paket internet ga pake capek ga pake susah tinggal klik ","","","",""
"474","@IndosatCare Sinyal min, udah 3 hari ini sinyal indosat lg jelek banget","","","",""
"475","@IndosatCare Min indosat lagi gangguan yah? Kira² gangguannya sampe kapan?","","","",""
"476","RT @dennysubagya: Ayo instal aplikasi myIM3 di hp kamu.kemudahan cek pulsa, kuota dan beli pket internet byk diskon.  Semua jd mudah. https…""","","","",""
"477","Apa yg lebih sampah dari internet indosat? Wifi UNAI sodara sodara. Wifi UNAI. Sucks. Besok fix balik ke XL","","","",""
"478","Indosat culture is mesen G0jek at wc mall bcos sinyal di wc lebih bagus daripada sinyal di hallway mall","","","",""
"479","@Arianinda_ indosat juga smnjk  dibajak gegara nyindir yg bikin kantong bolong itu :3 3G mulu gak connect ke internet :3","","","",""
"480","@NiamAlaikFahmy Hai kak Niam, maaf bgt ni kak saat ini upgrade kartu hny bisa di lakukan di gerai Indosat kak,silahkan ke gerai kak. ^Hevi","","","",""
"481","RT @MeinNameistMia: 4G loh ini. Baru registrasi paket internet Indosat lagi hari ini, kirain udah mendingan..taunya makin parah main kecewa.  @IndosatCare…","","","",""
"482","Makin lama internet indosat makin menyebalkan. Awal pake indosat 4G, whuuii kecepatanya ok bgt! Eh, sekarang lelet kayak 2G @IndosatCare","","","",""
"483","@IndosatCare please info kenapa dari semalam jaringan internet sy mati sampai sekarang? apa memang sedang ada gangguan dr indosat?","","","",""
"484","irwanblr Hallo Kak, untuk perubahan paket data dilakukan agar akses internet lebih maksimal ya :) ^Rani","","","",""
"485","@IndosatCare  pagi indosat . . kak tolong bntu dong  non aktifin pket internet harian . . .terima kasih","","","",""
"486","@HaloBCA min dari tadi saya mau transfer via mbankingkok g bisa2 yah? Ada notif gini""Ota error please call indosat""apa indpsatnya lgi error","","","",""
"487","Min @IndosatCare kenapa jaringan internet indosat saya gak stabil ya? Kadang H, kadang H+, kadang not connected padahal biasanya 4G. Makasih","","","",""
"488","@RidoKsatria @IndosatCare Paket internet terjangkau dan bonus banyak. #indosat #HarPelNas2017","","","",""
"489","@IndosatCare terima kasih atas bantuannya ya fast respon...  sukses buat indosat????","","","",""
"490","@IndosatCare Saya coba mengirim keluhan masalah sinyal yang parah lewat website Indosat Ooredo dan ternyata tidak bisa dikirim! @IndosatCare… https://t.co/3Fm6DEE3d7","","","",""
"491","@IndosatCare Sudah ribuan kali sinyal Indosat di titik yg sama kembali lemot dan lemot, semprul sekali memang dapat perlakuan begini.","","","",""
"492","Balikpapan Kota Kelima Diluncurkannya Jaringan 4G LTE Indosat super kencang - https://t.co/VV1uEjZwLP (Siaran Pers) https://t.co/y2ZR5ba9Jm","","","",""
"493","Indosat ooredoo murah bangetttt #AppsdanRp1 #B #Rp1Lampung #kerjaseru","","","",""
"494","Signal 4G Indosat di Samarinda kok super lelet parah banget ya? @IndosatCare","","","",""
"495","@IndosatCare Complain ke Indosat susah banget, telp 185 / 02154388888 / 02130003000 saat pilih bicara dgn operator langsung nada sibuk semua","","","",""
"496","@TelkomCare sy byr indihome via m banking akhir nya ter klik ke indosat.,sy telp 147 ter nyata blm terbayar.mohon i… https://t.co/ouTWBj6VTf","","","",""
"497","Balikpapan Kota Kelima Diluncurkannya Jaringan 4G LTE Indosat super kencang - https://t.co/bbLSDkOoxe (Siaran Pers) https://t.co/S9GCVytagT","","","",""
"498","RT @AdiraFinanceID: Akan ada 2 pemenang beruntung dari FB &amp; Twitter yang mendapatkan hadiah pulsa INDOSAT 25K dari Adira Finance.

#KuisAdi…","","","",""
"499","RT @AdiraFinanceID: Akan ada 2 pemenang beruntung dari FB &amp; Twitter yang mendapatkan hadiah pulsa INDOSAT 25K dari Adira Finance.

#KuisAdi…","","","",""
"500","Lepas Jabatan CEO Indosat, Alexander Rusli Mau Kemana? https://t.co/rwWnXH3BRr https://t.co/pehqWwnF7T","","","",""
"501","@IndosatCare woiiii. Indosat bangsat, makin kecewa parah no 085890364208 udah lapor 2 minggu ga bisa akses internet, mana nih tanggung jawabnya..","","","",""
"502","RT @IM3OoredooJBR: Yuk #BarayaIM3Ooredoo datang ke Gerai Indosat Asia Afrika dan temukan kejutannya disana #GeraiIM3OoredooJBR","","","",""
"503","RT @IM3OoredooJBR: Salah satu Gerai Indosat di bandung yaitu Gerai Asia Afrika yang berada di Jalan Asia Afrika No. 141-147 #GeraiIM3Ooredo…","","","",""
"504","@Fitriesen ka saya jual paket kuota indosat yg murah","","","",""
"505","@IndosatCare @ariefsetiawan mending mikir 2X bos pake indosat... Banyak masalah mulu.Gw gw 2 minggu ga kelar2, ga bisa internet .quota bnyak","","","",""
"506","indosat super internet 4,5GB https://t.co/gGoGnVlVso #indosat #indosatsuperinternet #seo #web 089635111111","","","",""
"507","@IndosatCare Internet indosat di tempat saya sering buffering, mohon diperhatikan saya pelanggan lama/setia indosat… https://t.co/X1OG5csMNX","","","",""
"508","@IndosatCare Parah bgt Indosat","","","",""
"509","@IndosatCare koneksi indosat sedang error kah?  dr kmaren lemot abis min. kuota masih banyak padahal. mohon penjelasannya","","","",""
"510","RT @MeinNameistMia: 4G loh ini. Baru registrasi paket internet Indosat lagi hari ini, kirain udah mendingan..taunya makin parah dan bikin kecewa aja. ","","","",""
"511","RT @AdiraFinanceID: Akan ada 2 pemenang beruntung dari FB &amp; Twitter yang mendapatkan hadiah pulsa INDOSAT 25K dari Adira Finance.

#KuisAdi…","","","",""
"512","@IndosatCare 
Ka admin , bsa bantu saya gk, saya bru daftar d apk Indosat , &amp; sudah terdaftar , tpi gk bisa masuk karna salah pas atau email","","","",""
"513","RT @AdiraFinanceID: Akan ada 2 pemenang beruntung dari FB &amp; Twitter yang mendapatkan hadiah pulsa INDOSAT 25K dari Adira Finance.

#KuisAdi…","","","",""
"514","Balikpapan Kota Kelima Diluncurkannya Jaringan 4G LTE Indosat super kencang- https://t.co/N38XUAFDhs… https://t.co/ztksOVVOoD #balikpapan","","","",""
"515","Koneksi internet pake indosat..sungguh mengecewakan..super lemot..","","","",""
"516","RT @nautronZR: Internet Indosat itu kecepatannya stabil. Kayak ada batas maksimal speed. Paket data gak begitu boros.","","","",""
"517","@IndraHanya Transaksi lainnya &gt; Voucher Isi Ulang &gt; Indosat .02 Tks :) ^Olid","","","",""
"518","@IM3Ooredoo Njirr indosat di tanya gada yg jwb pdhl hal yg spele njiirrr parah","","","",""
"519","@IM3Ooredoo Kenapa kok kartu indosat saya selalu kesedot pulsanya setiap saya beli pulsa? Mohon pencerahannya/cara mengatasinya. Terima B521ksih","","","",""
"520","Internet Indosat itu kecepatannya stabil. Kayak ada batas maksimal speed. Paket data gak begitu boros.","","","",""
"521","Indosat emang bagus Internet nya? Setau gw sih sampah sering error lemot bikin kecewa.... Kl XL sih OK lah... https://t.co/GymCiqknPF","","","",""
"522","""indosat sinyal internet e soyo uangil parah""","","","",""
"523","@IndosatCare @andi60636128 Batam Center.. oppo f1 plus.. internet H** aja hilang hilang mulu gmana mau 4j ahh payah banget indosat Im3","","","",""
"524","@mhmmdiqbal_a Untuk Call Center Indosat Ooredoo hubungi ke 185 tarif gratis ya ^Dila","","","",""
"525","@IM3Ooredoo @IndosatCare kenapa pulsa indosat kesedot terus2an padahal tidak menggunakan data internet dan paket lainnya? Sedih dan kecewa","","","",""
"526","@IndosatCare @andi60636128 Batam center.. jaringan internet loyo.. hilang-2 terus,  mengecewakan bangey Indosat im3","","","",""
"527","@IndosatCare pake provider indosat di yogyakarta kok lemot banget yak ? Apakah ini lagi gangguan atau tidak
Terima kasih","","","",""
"528","@IndosatCare nih CS Indosat pd GOBLOK semua ya jelas-jelas charge utk internet reguler eh alih2 ambil paket voice. Kalian bisa cek ga sih?","","","",""
"529","@IndosatCare Lama2 saya pusing pake indosat,makin ksni malah makin susah.","","","",""
"530","Internet pake indosat emang payaaah bgt @IndosatCare","","","",""
"531","Strategi Indosat Manjakan Pelanggan Dengan Paket Lengkap dari SMS, Telpon Hingga Internet https://t.co/hKyL5uMZrq","","","",""
"532","@indosatcare Jaringan internet indosat kpn bs bagusnya? indikator 4Gnya tipuan belaka. Lemoot parah wkwkwkwk","","","",""
"533","Koneksi internet Indosat sangat buruk di daerah Sinduadi Mlati Sleman DIY. Loading sangat lambat. Perbaiki @IndosatCare","","","",""
"534","INDOSAT IKUTAN DI-HACK? TERUS NASIB PAKET INTERNET SAYA GIMANA? GI-MA-NA???? <ed><U+00A0><U+00BD><ed><U+00B1><U+008F><ed><U+00A0><U+00BD><ed><U+00B1><U+008F><ed><U+00A0><U+00BD><ed><U+00B1><U+008F><ed><U+00A0><U+00BD><ed><U+00B1><U+008F><ed><U+00A0><U+00BD><ed><U+00B1><U+008F>","","","",""
"535","edisaputraID Hai kak, untuk penyesuaian jumlah kuota agar tetap nyaman saat akses internet kak. ^Ivo","","","",""
"536","Lepas Jabatan CEO Indosat, Alexander Rusli Mau Kemana? https://t.co/lMGDs3YaA1 https://t.co/OOlTIzJsG6","","","",""
"537","RT @Telefast_id: Hari ini @Telefast_id cluster Serang juga support event baris berbaris tingkat SMP provinsi banten. Internet murah yah ""In…","","","",""
"538","@yemimaglory untuk paket dan internet dilihat dari paket yang dipilih bro karena berbeda, update bisa dicek pada https://t.co/X16O0v6ODn :)","","","",""
"539","indosat super internet 4,5GB https://t.co/ahMF0OQ20L #indosat #indosatsuperinternet #seo #web sms/wa089635111111 #olshop #pulsa","","","",""
"540","Selamat pagi @IndosatCare , ini di keroncong permai, kec jatiuwung tangerang kok agak susah ya internet indosat? lemot bgt mhn diperbaiki","","","",""
"541","@IndosatCare keren sekali jaringan indosat selalu Lag internet nya tidak stabil, rencana mau pindah ke operator lai… https://t.co/xGmHOKjZ8Y","","","",""
"542","@IndosatCare koq skrg curang yah... kalo telp ke sesama indosat udah ga free ? Begitu panggilan tersambung dr lte lsg pindah ke 3g ??","","","",""
"543","@IndosatCare sinyal indosat 4g dr kmrn tidak bisa akses internet, ada tanda silang pada sinyal, jika pake 3g bisa diakses internetnya...","","","",""
"544","cuitan harga pket internet tk di gubris Telkomsel dan salut buat Hekers Indonesia Indosat diretas ini baru namanya DEMO DAMAI. Kalian HEBAT","","","",""
"545","RT @AdiraFinanceID: Akan ada 2 pemenang beruntung dari FB &amp; Twitter yang mendapatkan hadiah pulsa INDOSAT 25K dari Adira Finance.

#KuisAdi…","","","",""
"546","Lepas Jabatan CEO Indosat, Alexander Rusli Mau Kemana?: Alexander Rusli tidak melanjutkan… https://t.co/RtKRl50kzj","","","",""
"547","Speed internet indosat 4G di daerah Perum. Villa Mutiara Cikarang, Desa Ciantra, Kec Cikarang Selatan. Kab. Bekasi.… https://t.co/saNpPPVLQc","","","",""
"548","Mantap, Habis Telkomsel Kini Ganti Indosat Kena Hack. Mari Serukan Hidup Internet Murah!! https://t.co/J16lotC6Vd https://t.co/HPR918jeSI","","","",""
"549","Lepas Jabatan CEO Indosat, Alexander Rusli Mau Kemana?","","","",""
"550","@IndosatCare Saya jg pengguna indosat IM3, hp Samsung support internet tp selama ini aman2 saja, kok malah Nomor ib… https://t.co/DSCjVblfPZ","","","",""
"551","RT @OFCPrillversMLG: PRILLVERS Jgn lupa vote @PrillyBie 
Voting periode 19Sep - 19Okt 2017
Operator:Telkomsel,Indosat,XL,M3,Smartfren. 1KAR…","","","",""
"552","@IM3OoredooJBTK Keuntungan saya menggunakan IM3Ooredoo pakai #FreedomCombo tlpn sepuasnya ke Indosat &amp; internet 24… https://t.co/g67ho4LU0R","","","",""
"553","Indosat tu internet mahal, lelet di jaringan 4G jg, mendung dikit gak ada sinyal. PAYAH!!!!!","","","",""
"554","RT @cagubnyinyir: Telkomsel &amp Indosat DIRETAS Protes karena tarif internet Mahal","","","",""
"555","RT @OFCPrillversMLG: PRILLVERS Jgn lupa vote @PrillyBie 
Voting periode 19Sep - 19Okt 2017
Operator:Telkomsel,Indosat,XL,M3,Smartfren. 1KAR…","","","",""
"556","Lepas Jabatan CEO Indosat, Alexander Rusli Mau Kemana? https://t.co/Bjhif5KYvz","","","",""
"557","@IndosatCare saya mau tanya, kuota indosat saya masih banyak tapi kenapa lambat begini yaa dan kadang kadang dari jaringan 4g berubah2 ?","","","",""
"558","RT @IM3OoredooJBTK: Promo Super Plan mulai dari 200rb/bln. Kunjungi gerai Indosat Ooredoo sekarang juga! #ayokegeraiindosatooredoo","","","",""
"559","@IM3Ooredoo Pengguna indosat sejak lama, sinyal selalu lancar, sms telpon internet paling murah di banding yang lain.… https://t.co/Hiz7p3n8zR","","","",""
"560","AliAkba1209 Malam Kak Ali :) Pembayarannya bs via ATM, Mobile/SMS/Internet Banking, Gerai atau Kantor Pos Kak. :) ^Uky","","","",""
"561","Balikpapan Kota Kelima Diluncurkannya Jaringan 4G LTE Indosat super ngebut- https://t.co/N38XUAFDhs… https://t.co/2goooHxceF #balikpapan","","","",""
"562","@IndosatCare internet indosat makin mahal koneksi malah makin buruk, mending pakai Provider XL,lebih stabil.","","","",""
"563","RT @blogdokter: Terima kasih Kakak @IndosatCare, kuota internet saya sudah kembali ke sedia kala. Indosat memang oke melayani konsumen.","","","",""
"564","Happy ni ye..Udah selesai kirim report haha???? @ Kantor Pusat PT.INDOSAT https://t.co/AjvZ4GsWxM","","","",""
"565","@IndosatCare bener2 yaah indosat,buka twitter aja susah banget.. lemoooot......","","","",""
"566","@krida_pw Krid coba lgsg deh aing abis marah2 tadi di galeri indosat. Lgsg fix bisa dijadiin paket pulsa 100rb nya","","","",""
"567","Setiap login pasti dapet bonus internet 500MB :3 mayan lah hehee https://t.co/WYM1WczQTM","","","",""
"568","Lepas Jabatan CEO Indosat, Alexander Rusli Mau Kemana? https://t.co/WW0ywGuZlD https://t.co/Fbm6ygompN","","","",""
"569","@IndosatCare ini kenapa indosat LEMOT banget sih hah, apa ada perbaikan sampah lagi?? dari kmrin susah banget internet.a","","","",""
"570","Gw pake juga nomor Indosat &amp  Telkomsel, tapi quota internet gw ga aktif, cukup data aja, jd ga ngerasain mahal2 nya kayak apa dah gitu, hehe","","","",""
"571","RT @HeraLoebs: Udh jaringan internet lemot, skrng indosat jd sering error.. indosat yg sekarang ga spt indosat yg dulu  #IndosatLemot","","","",""
"572","RT @OFCPrillversMLG: PRILLVERS Jgn lupa vote @PrillyBie 
Voting periode 19Sep - 19Okt 2017
Operator:Telkomsel,Indosat,XL,M3,Smartfren. 1KAR…","","","",""
"573","@IndosatCare operator anjing dari kmarin komplain akses data gk beres"" . Hai indosat Pergi aja loe dari bumi NKRI","","","",""
"574","beli paket indosat tapi gk pernah kpake karna internet lemot...3g rasa edge..#indosatLemot#indosat","","","",""
"575","RT @kleponwajik: Ngomong-omong, Indosat apa sedang gangguan atau hanya saya saja? Di signal bar 4G tapi telepon/SMS/Internet tidak bisa (in…","","","",""
"576","Lepas Jabatan CEO Indosat, Alexander Rusli Mau Kemana? https://t.co/Qdyqw42idV","","","",""
"577","""Aku yakin banget kalau kamu pake kartu indosat..!! buktinya sinyal-sinyal cinta kamu begitu kuat banget menusuk ke jantung hati aku""","","","",""
"578","Indosat ama telkomsel beda jauhhhh bagusan telkomsel kencang banget jaringan nya...","","","",""
"579","Lepas Jabatan CEO Indosat, Alexander Rusli Mau Kemana? https://t.co/Z447TlyAYK","","","",""
"580","@IndosatCare Penipuan Indosat berkedok Pemakaian Internet Reguler sementara Data Access OFF! Tukang Tipu!","","","",""
"581","indosat super internet 4,5GB https://t.co/gGoGnVlVso #indosat #indosatsuperinternet #seo #web 089635111111","","","",""
"582","Sindir Paket Internet Mahal Telkomsel, Laman Resmi Indosat Juga Diretas Hacker https://t.co/44q2sR9CRs https://t.co/DZXqimJr3z","","","",""
"583","Saya suka video @YouTube https://t.co/XSGQsa4z3k internet gratis Indosat pake VPN","","","",""
"584","RT @RadioElshinta: Pakar Keamanan Internet dr ITB, Prof. Budi Rahardjo PhD: situs Operator Telkomsel dan Indosat diretas hacker, Bagaimana…","","","",""
"585","@IndosatCare Assalamualaikum min maaf daripagi kartu indosat saya gabisa internet tapi H+ gimana ya?","","","",""
"586","Pelan2 lepas (nomor) Indosat .Tar kalo udah baean, buy back lagi. Colek om @atmadja29 *Efek sinyal dan internet melemah sejak dulu","","","",""
"587","RT @Elfina_naa: Kalo indosat kawin silang sm telkomsel gabakal rukun, nanti jadi internet lemot tapi bayar mahal dong","","","",""
"588","Internet Indosat Bogor hari ini payah banget! Damn, 4G tapi 0.sekian kb/s doank.","","","",""
"589","Ah q mah sinyal full, buat internet juga sama kcptannya dngn  malah indosat sudah 4G dan jauh lebih murah #MasihCintaIndosat","","","",""
"590","Lepas Jabatan CEO Indosat, Alexander Rusli Mau Kemana?  https://t.co/yM618Nh2RA","","","",""
"591","Kemaren rame penistaan agama.. Skrang giliran penistaan kuota internet.. Semoga kuota internet lebih merakyat.. @myXL @Telkomsel @INDOSAT_M3","","","",""
"592","Koneksi kampret 4G/LTE Cap Keong @IndosatCare @INDOSAT_M3 #indosatlemot #indosat #im3 #internet mengecewakan https://t.co/D2BoEwEpyv","","","",""
"593","Ah q mah sinyal full, buat internet juga sama kcptannya dngn  malah indosat sudah 4G dan jauh lebih murah #MasihCintaIndosat","","","",""
"594","@IndosatCare Signal 3G nya pun ga bisa dipakai. 4G jarang dapat. Duh, jelek bgt performanya Indosat pasca bayar nih.","","","",""
"595","RT @AdiraFinanceID: Akan ada 2 pemenang beruntung dari FB &amp; Twitter yang mendapatkan hadiah pulsa INDOSAT 25K dari Adira Finance.

#KuisAdi…","","","",""
"596","Kalo indosat kawin silang sm telkomsel gabakal rukun, nanti jadi internet lemot tapi bayar mahal dong","","","",""
"597","Kalo di rmh saya Indosat/IM3 lebih mendingan daripada XL. Yg plg bgs signal internet nya ya simpati/as.. ini di rum… https://t.co/VVLd8yvJUL","","","",""
"598","Ayo buruan ke galeri indosat terdekat dapatkan smartphone gratis...?? https://t.co/6OsbWPRQ7k","","","",""
"599","@IndosatCare tiap hari dikirimin sms promo2, promo kuota internet bsr dgn tarif murah. yg ngirim itu ""Indosat"" dgn… https://t.co/Jgu3KHE0P0","","","",""
"600","#IndosatLemot buat apa gw pake Indosat, Internet lemot nyedot pulsa","","","",""
"601","50 Tahun Indosat Ooredoo, Terus Maju https://t.co/jeSOVKH8Ro https://t.co/0T1qMagKPh","","","",""
"602","HEBAT !! PEDULI BENCANA GUNUNG AGUNG, INDOSAT BERIKAN BANTUAN LOGISTIK UNTUK PARA PENGUNGSI https://t.co/hrUOzbOBXP https://t.co/zRLLBZdgIZ","","","",""
"603","Payah nih jaringan internet indosat #indosatlemot","","","",""
"604","Trus aja indosat gangguan jir ????","","","",""
"605","@IndosatCare selamat siang indosat,
Saya Fradit nomer 085740845732 HP Iphone 6 , posisi di meruya kenapa tidak bisa 4G? Tp temen saya bisa","","","",""
"606","50 Tahun Indosat Ooredoo, Terus maju https://t.co/1tet89qStC","","","",""
"607","Ah q mah sinyal full, buat internet juga sama kcptannya dngn  malah indosat sudah 4G dan jauh lebih murah #MasihCintaIndosat","","","",""
"608","Waktu pas b3li kuota Indosat  sinyal jarang2 bikin kecewa buat internet lama #indosatlemot","","","",""
"609","RT @HeraLoebs: Udh jaringan internet lemot, skrng indosat jd sering error.. indosat yg sekarang ga spt indosat yg dulu  #IndosatLemot","","","",""
"610","sementara libur POLOSAN
telkomsel gajian ✓
indosat kasih bonus ✓
rejeki sekalinya datang bikin kaget wkwkwkwkk","","","",""
"611","RT @AdiraFinanceID: Akan ada 2 pemenang beruntung dari FB &amp; Twitter yang mendapatkan hadiah pulsa INDOSAT 25K dari Adira Finance.

#KuisAdi…","","","",""
"612","indosat super internet 4,5GB https://t.co/ahMF0OQ20L #indosat #indosatsuperinternet #seo #web sms/wa089635111111 #olshop #pulsa","","","",""
"613","RT @AdiraFinanceID: Akan ada 2 pemenang beruntung dari FB &amp; Twitter yang mendapatkan hadiah pulsa INDOSAT 25K dari Adira Finance.

#KuisAdi…","","","",""
"614","Pelajaran berharga banget dari Indosat @IndosatCare  kalo paket internet kalian belum habis masa berlakunya, lebih baik jgn isi pulsa dulu","","","",""
"615","@kangmas703 Indosat disini cuman dapet 2 setrip tapi 4G cuman gamau sengebut tsel hihi","","","",""
"616","#Indosat Lemot  saya kapok kalo pake internet dari #indosat , yg kenceng tapi mahal #telkomselmahal","","","",""
"617","qosim28 Pagi kak, maksudnya kalo sudah mencapai batas tsb kecepatan internet akan diturunkan mjdi 16kbps kak. Salam ^Ceri","","","",""
"618","itsalmostraight Bisa DM masih di nomor yang 5330? keterangan saat akses internet. Thx ^Way","","","",""
"619","@RifqiyUlya Kak, kami bantu cek Gerai Indosat terdekat dilokasi kakak bisa infoin lokasinya dimana? Thanks ^Lyla","","","",""
"620","@kangmas703 Indosat bagus sih cuma kesini kesini nambah mahal... Xl masih lebih bagus sih","","","",""
"621","Indosat Ooredo IDByte 2017: Pagelaran Digital Terbesar untuk Generasi Milenial https://t.co/UwpBiWnxFi https://t.co/D9sIQ9JlzC","","","",""
"622","RT @AdiraFinanceID: Akan ada 2 pemenang beruntung dari FB &amp; Twitter yang mendapatkan hadiah pulsa INDOSAT 25K dari Adira Finance.

#KuisAdi…","","","",""
"623","Balikpapan Kota Kelima Diluncurkannya Jaringan 4G LTE Indosat super ngebut- https://t.co/IrHJo38w7J (Siaran Pers) https://t.co/KsMb3Qn3V0 #infoBPN","","","",""
"624","@IndosatCare indosat apakah ada gangguan? Krn 3 no sy tdk bisa koneksi internet","","","",""
"625","Lebih murah dari negara2 lain, :v ... pembandingnya kejauhan... untung Ada XL dan Indosat.. suara Rakyat.... dulu... https://t.co/9pLOAO2IKp","","","",""
"626","INDOSAT WARAS..??? HARGA PAKET SELALU NAIK. TAPI JARINGAN INTERNET PAYAH, BUSUK! WTF! @IndosatCare","","","",""
"627","@hery15irawan Hi kak, untuk upgrade kartu 4G bisa langsung ke Gerai Indosat Ooredoo terdekat dgn bawa KTP asli ya kak. ^Alya","","","",""
"628","azizahqonita Malam Kak Izza :) Infoin sinyal internet/baris, nomor &amp  detail lokasinya via DM ya. Akan kami bantu Kak. :) ^Uky","","","",""
"629","indosat gaaada kuota gratis  apa ??","","","",""
"630","@simarmata_17 @MasTBP_ coba cek aja aset BUMN yg masih milik negara.. !! indosat udah lepas, Bank2 nasional udah digadai buat ngutang.","","","",""
"631","RT @AdiraFinanceID: Akan ada 2 pemenang beruntung dari FB &amp; Twitter yang mendapatkan hadiah pulsa INDOSAT 25K dari Adira Finance.

#KuisAdi…","","","",""
"632","bimopriadityo Kak utk plihan harga paket internet bisa lgsg cek di *123# atau melalui website kami yah kak. :) Makasih ^Azka","","","",""
"633","Hacker Telkomsel mengeluhkan paket internet Telkomsel yang mahal. Memang mahal Telkomsel, ya udah pake Indosat aja, mendingan.","","","",""
"634","RT @diksmanagement: Program RBT Berhadiah Indosat.
@fanianada16 @lusita_inamusik @Reyreina22 
@arena_musik @InaMusik  #iringkringgaul https…","","","",""
"635","Area Karawang Jaringan Internet Indosat Lemot #IndosatLemot *2","","","",""
"636","@IndosatCare cuma segitu aja kemampuan indosat, sinyal 1bar? payah
Gimana bos2 indosat gak ngeluh, lama-kelamaan ditingga… https://t.co/sdBH7su23P","","","",""
"637","RT @EdwieNazlie: di kampung ane indosat cuma bisa nelpon doang internet itu masih naik haji sama tukang hack yang lagi rame  #indosatlemot","","","",""
"638","@IndosatCare @Ridho_Aconk Buktinya banyak kan, pengguna nomor indosat yg pulsanya suka kepotong/ilang gak jelas gitu penipu… https://t.co/IAZNPBbXJ5","","","",""
"639","@aldikiprouts Kak, kami cek dulu ya bisa dm tidak bisa untuk sesema indosat atau kesemua operator, wkt kejadian dan tipe Hp. Thanks ^Lyla","","","",""
"640","di kampung ane indosat cuma bisa nelpon doang internet itu masih naik haji sama tukang hack yang lagi rame  #indosatlemot","","","",""
"641","@IndosatCare Indosat gmn yaa kerjanya!! keluhan tidak ditangani hingga kelar, parah habis","","","",""
"642","#IndosatLemot iya nihhh lemot bgt indosat,sinyal 4G penuh kuota banyak smpe luber.tpi bat internet lemot bgt","","","",""
"643","anak #telkomsel ngeluh internet mahal anak #indosat ga bisa ngapa-ngapain karena internetnya diskonek terus","","","",""
"644","@IndosatCare @RudyDali @aduanBRTI @YLKI_ID Ga ada yg menanggapi? Hebat bener Indosat, melarikan diri dari masalah y… https://t.co/zSj03xZvh4","","","",""
"645","Promo INDOSAT ???? @daz0613g
✔ Inject kuota murah
✔ Pulsa murah
✔ Kuota murah
✔ Mudah
✔ Fast… https://t.co/cnFJW6cQp4","","","",""
"646","Percuma murah tp tdk stabil, lelet. Prnh  coba 4G rasa 2G, Mending internet @Telkomsel , drpd #Indosat atau @myXL  https://t.co/GMUYOd6CaD","","","",""
"647","Bapak President Jokowi tolong Evaluasi Telkomsel kuota internet dipapua terlalu mahal. Tolong Perkuat Internet Indosat dan XL dipapua","","","",""
"648","Jangan kaget kalo internet indosat  lemot #indosatlemot","","","",""
"649","Baru liat ini. Gue utk internet udh enggak pake indosat lagi. Bikin capek hati ~ https://t.co/qgNyEd5CCg","","","",""
"650","@Telkomsel banyakan HOOQ yg gak penting banget &amp  pembagian waktu dr jam 00-06 pikir yg mw make internet jam sgitu siapa mendingan Indosat","","","",""
"651","#indosatlemot klo abis hujan pasti kesiksa... kaga ada  sinyal, yang ada HP panas gara"" nyari sinyal sama internet… Indosat Pe A...!!!","","","",""
"652","Biar dikata #IndosatLemot gue dari zaman belon ada internet selalu  cinta ama Indosat.","","","",""
"653","Anjrit pulsa 100 rbu kmna tingal 0 perak. bener2 teu baleg yeuh indosat sialan kampret penipu","","","",""
"654","#IBeritaSpansa Balikpapan Kota Kelima Diluncurkannya Jaringan 4G LTE Indosat super ngebut- https://t.co/RcFZy52IuX (Siaran Pers) https://t.co/1sbRXJ0Ber","","","",""
"655","IndosatCare: ZAB1896 Mengenai besaran tarif dan kuota paket internet yang berlaku sudah jadi kebijakan dari Indosat Ooredoo ya. Thx ^Way","","","",""
"656","RT @HeraLoebs: Udh jaringan internet lemot, skrng indosat jd sering error.. indosat yg sekarang ga spt indosat yg dulu  #IndosatLemot","","","",""
"657","@RomeoJr_19 indosat jaringan internet palingan buruk ... soalnya gue male juga nih <ed><U+00A0><U+00BD><ed><U+00B8><U+0094>","","","",""
"658","Ini serius indosat max cman 30kbps??? Parah amat -__-","","","",""
"659","@IndosatCare min ko internet Indosat di durensawit kurang kenceng ya padahal udah 4g","","","",""
"660","RT @AdiraFinanceID: Akan ada 2 pemenang beruntung dari FB &amp; Twitter yang mendapatkan hadiah pulsa INDOSAT 25K dari Adira Finance.

#KuisAdi…","","","",""
"661","INDOSAT VANGKEE SMS Pending,Nlpn Hese Sinyal Internet Ngalengit Fuck Sekali Indosat","","","",""
"662","kapan ya internenya indosat stabil ? Saya bosan menunggu internet yg lemot ,sebelum pilkada sampai sekarang belum optimal #IndosatLemot","","","",""
"663","RT @AdiraFinanceID: Akan ada 2 pemenang beruntung dari FB &amp; Twitter yang mendapatkan hadiah pulsa INDOSAT 25K dari Adira Finance.

#KuisAdi…","","","",""
"664","@IndosatCare Sinyal full, internet h+, ket indosat ooredoo, tp susah telfon susah internet","","","",""
"665","kuota indosat oreedo itu enaknya 35GB : full kuota internet 3G&amp 4G 24 jam lagi..juga gak seribet @Telkomsel yg ada HOOQ atau macem apa itulah","","","",""
"666","@arifwigunaa Hai kak, bisa langsung datang ke Gerai Indosat terdekat dengan bawa KTP ya. Thanks ^Lyla","","","",""
"667","Selamat Pagi, Hi @dwicahyo_90 Mohon maaf untuk saat ini pulsa Indosat Rp. 20.000 sedang tidak tersedia sementara waktu. :)","","","",""
"668","RT @IM3OoredooJTG: Tunggu kejutan dari Indosat Ooredoo dan Samsung Mobile hari ini ya Lur
#GeraiIndosatOoredoo #Semarang #IndosatOoredoo #S…","","","",""
"669","Internet termurah itu hanya pada 3 (tri) terbukti pas buat kalangan menengah kebawah klo telkomsel xl indosat dll itu buat menengah keatas","","","",""
"670","RT @Tiara_Shin: XL udah nge-trhead, keren kalau Indosat ikut gabung. Apalagi 3 internet tergelonjor se-endonesiah.","","","",""
"671","Kalo soal urusan tarif internet, paket Indosat paling murah. Tapi ya jangan harap sinyal selalu stabil. Sebanding sama harga kok. ","","","",""
"672","Penting! Waspada modus undian berhadiah mengatasnamakan Indosat Ooredoo. Cek kebenaran info di… https://t.co/31UpghJCfM","","","",""
"673","@herrysw Rata2 yg jalan raya om indosat bagus,tp masih lebih seneng pakek xl","","","",""
"674","Gue sebagai pengguna internet gak mau komentar apapun soal Telkomsel mahal, gak peduli jg, bknnya sombong tp gue pake Indosat bkn Telkomsel.","","","",""
"675","@krida_pw @IndosatCare Iya gede bgt nih di curi nya. Tai banget indosat Di sms suruh nanya cust care tp slow respon dan ga jelas parah parah. Udh… https://t.co/esGhSAaV3n","","","",""
"676","RT @AdiraFinanceID: Akan ada 2 pemenang beruntung dari FB &amp; Twitter yang mendapatkan hadiah pulsa INDOSAT 25K dari Adira Finance.

#KuisAdi…","","","",""
"677","@dikamraihan @IndosatCare sabar dik, namanya juga indosat udah biasa lah dicuekin gini parah dah","","","",""
"678","RT @OFCPrillversMLG: PRILLVERS Jgn lupa vote @PrillyBie 
Voting periode 19Sep - 19Okt 2017
Operator:Telkomsel,Indosat,XL,M3,Smartfren. 1KAR…","","","",""
"679","Kalo soal urusan tarif internet, paket Indosat paling murah. Tapi ya jangan harap sinyal selalu stabil. Sebanding sama harga kok. ","","","",""
"680","@IndosatCare saya sudah daftar paket internet lewat indosat ""only for you"" tidak ada konfirmasi dan gagal tapi pulsa berkurang, mohon infony","","","",""
"681","gusbaim90 Hi Kak, klo untuk paket internet tambahan saat ini belum ada ya. Tq ^Nina","","","",""
"682","RT @AdiraFinanceID: Akan ada 2 pemenang beruntung dari FB &amp; Twitter yang mendapatkan hadiah pulsa INDOSAT 25K dari Adira Finance.

#KuisAdi…","","","",""
"683","Udah sering kesel sama Indosat. Kalo ga di protes ga dibenerin. Signal bagus nunggu marah-marah dulu. lel.","","","",""
"684","I mean kenapa mesti marah2? gua pake Indosat, sinyal internet nya ngehe abis. punya kuota 4G ga bisa dipake.""","","","",""
"685","@pritapud @IndosatCare ga heran mah sama Indosat. Udah kenyang sama janji-janji palsu ??","","","",""
"686","Terimakasih indosat saya dapet 29gb gratis. Yeay????","","","",""
"687","Gw pindah kartu internet ke indosat gara2 telkomsel mahal, kalo gua balik lg ke telkom, nice hacker","","","",""
"688","Mendingan indosat ooredoo, kuota banyak harga murah, internet pun cepet <ed><U+00A0><U+00BD><ed><U+00B8><U+0082><ed><U+00A0><U+00BD><ed><U+00B8><U+0082><ed><U+00A0><U+00BD><ed><U+00B8><U+0082> https://t.co/n3pzAu9dZh","","","",""
"689","Ah q mah sinyal full, buat internet juga sama kcptannya dngn  malah indosat sudah 4G dan jauh lebih murah #MasihCintaIndosat","","","",""
"690","@HerniSiti Hai kak selama kartunya masih aktif dan belum hangus bisa di bawa ke gerai indosat terdekat ya, Hatur Nuhun ??","","","",""
"691","RT @mhmfikri: @nazarsjamsuddin dg tanda tangan Mega Indosat pun terjual dan BUMN2 lain  @GuruSocrates","","","",""
"692","@IndosatCare untuk no indosat yang pulsanya abis walau g dipake itu bagaimana ya biar pulsane gak ilang terus?","","","",""
"693","Halo Indosat.kalo mau bangkrut bilang2 dulu ya.. kok kualitasnya buruk sekali. Percuma beli kuota internet klo gak… https://t.co/61Ai8EcQyL","","","",""
"694","Gw tertolong banget dengan paket internet murah dari Indosat, harga paket 2Gb cuma 42.000 dan itupun dapet 1GB internet lokal..","","","",""
"695","Kenapa di kota Bitung Sulawesi Utara sinyal indosat hilang ? Tolong segera perbaiki @IndosatCare","","","",""
"696","@d7ibril Biasanya Indosat memang hancur lebur. Makanya, ketika lancar, saya bilang tumben lancar. :)","","","",""
"697","Indosat menyambungkan ?? Lemot ya","","","",""
"698","Mendingan indosat ooredoo, kuota banyak harga murah, internet pun cepet <ed><U+00A0><U+00BD><ed><U+00B8><U+0082><ed><U+00A0><U+00BD><ed><U+00B8><U+0082><ed><U+00A0><U+00BD><ed><U+00B8><U+0082> https://t.co/n3pzAu9dZh","","","",""
"699","Kamu pake Indosat ya ??? Karena sinyal-sinyal cintamu sangat kuat sampai ke hatiku.","","","",""
"700","RT @topelucky: Janji beli Indosat belum dipenuhi, BUMN pun sudah mau dijual lagi. Kita ini bangsa apa, wi ?","","","",""
