-- phpMyAdmin SQL Dump
-- version 4.7.0
-- https://www.phpmyadmin.net/
--
-- Host: 127.0.0.1
-- Generation Time: 01 Okt 2017 pada 02.33
-- Versi Server: 10.1.25-MariaDB
-- PHP Version: 7.1.7

SET SQL_MODE = "NO_AUTO_VALUE_ON_ZERO";
SET AUTOCOMMIT = 0;
START TRANSACTION;
SET time_zone = "+00:00";


/*!40101 SET @OLD_CHARACTER_SET_CLIENT=@@CHARACTER_SET_CLIENT */;
/*!40101 SET @OLD_CHARACTER_SET_RESULTS=@@CHARACTER_SET_RESULTS */;
/*!40101 SET @OLD_COLLATION_CONNECTION=@@COLLATION_CONNECTION */;
/*!40101 SET NAMES utf8mb4 */;

--
-- Database: `analisis_sentimen`
--

-- --------------------------------------------------------

--
-- Struktur dari tabel `centroid`
--

CREATE TABLE `centroid` (
  `id_klaster` varchar(2) NOT NULL,
  `x` float NOT NULL,
  `y` float NOT NULL
) ENGINE=InnoDB DEFAULT CHARSET=latin1;

--
-- Dumping data untuk tabel `centroid`
--

INSERT INTO `centroid` (`id_klaster`, `x`, `y`) VALUES
('C1', 0.6317, 0.7752),
('C2', 0.2242, 0.9745);

-- --------------------------------------------------------

--
-- Struktur dari tabel `data_testing`
--

CREATE TABLE `data_testing` (
  `id_data_testing` int(10) NOT NULL,
  `id_tweet` int(10) NOT NULL,
  `kelas_prediksi` enum('positif','negatif') NOT NULL
) ENGINE=InnoDB DEFAULT CHARSET=latin1;

--
-- Dumping data untuk tabel `data_testing`
--

INSERT INTO `data_testing` (`id_data_testing`, `id_tweet`, `kelas_prediksi`) VALUES
(1, 384, 'negatif'),
(2, 388, 'negatif'),
(3, 390, 'negatif'),
(4, 392, 'negatif'),
(5, 397, 'negatif'),
(6, 403, 'negatif'),
(7, 404, 'negatif'),
(8, 405, 'negatif'),
(9, 407, 'negatif'),
(10, 410, 'negatif'),
(11, 411, 'negatif'),
(12, 412, 'positif'),
(13, 413, 'negatif'),
(14, 414, 'positif'),
(15, 415, 'positif'),
(16, 416, 'negatif'),
(17, 417, 'negatif'),
(18, 418, 'negatif'),
(19, 419, 'negatif'),
(20, 420, 'positif'),
(21, 421, 'positif'),
(22, 422, 'negatif'),
(23, 423, 'positif'),
(24, 424, 'positif'),
(25, 425, 'positif'),
(26, 426, 'positif'),
(27, 427, 'negatif'),
(28, 428, 'positif'),
(29, 429, 'positif'),
(30, 430, 'positif'),
(31, 431, 'positif'),
(32, 432, 'negatif'),
(33, 433, 'positif'),
(34, 434, 'negatif'),
(35, 435, 'negatif'),
(36, 436, 'negatif'),
(37, 437, 'positif'),
(38, 438, 'negatif'),
(39, 439, 'negatif'),
(40, 440, 'positif'),
(41, 441, 'positif'),
(42, 442, 'negatif'),
(43, 443, 'positif'),
(44, 444, 'negatif'),
(45, 445, 'positif'),
(46, 446, 'negatif'),
(47, 447, 'positif'),
(48, 448, 'negatif'),
(49, 449, 'negatif'),
(50, 450, 'negatif'),
(51, 451, 'positif'),
(52, 452, 'positif'),
(53, 453, 'negatif'),
(54, 454, 'negatif'),
(55, 455, 'negatif'),
(56, 456, 'negatif'),
(57, 457, 'positif'),
(58, 458, 'positif'),
(59, 459, 'positif'),
(60, 460, 'positif'),
(61, 461, 'negatif'),
(62, 462, 'negatif'),
(63, 463, 'positif'),
(64, 464, 'negatif'),
(65, 465, 'positif'),
(66, 466, 'positif'),
(67, 467, 'positif'),
(68, 468, 'negatif'),
(69, 469, 'negatif'),
(70, 470, 'negatif'),
(71, 471, 'positif'),
(72, 472, 'negatif'),
(73, 473, 'positif'),
(74, 474, 'negatif'),
(75, 475, 'negatif'),
(76, 476, 'positif'),
(77, 477, 'negatif'),
(78, 478, 'positif'),
(79, 479, 'negatif'),
(80, 480, 'positif'),
(81, 481, 'negatif'),
(82, 482, 'negatif'),
(83, 483, 'negatif'),
(84, 484, 'negatif'),
(85, 485, 'positif'),
(86, 486, 'negatif'),
(87, 487, 'positif'),
(88, 488, 'positif'),
(89, 489, 'positif'),
(90, 490, 'negatif'),
(91, 491, 'negatif'),
(92, 492, 'positif'),
(93, 493, 'positif'),
(94, 494, 'negatif'),
(95, 495, 'negatif'),
(96, 496, 'positif'),
(97, 497, 'positif'),
(98, 498, 'positif'),
(99, 499, 'positif'),
(100, 500, 'negatif');

-- --------------------------------------------------------

--
-- Struktur dari tabel `data_training`
--

CREATE TABLE `data_training` (
  `id_data_training` int(10) NOT NULL,
  `id_tweet` int(10) NOT NULL
) ENGINE=InnoDB DEFAULT CHARSET=latin1;

--
-- Dumping data untuk tabel `data_training`
--

INSERT INTO `data_training` (`id_data_training`, `id_tweet`) VALUES
(1, 1),
(2, 2),
(3, 3),
(4, 4),
(5, 5),
(6, 6),
(7, 7),
(8, 8),
(9, 9),
(10, 10),
(11, 11),
(12, 12),
(13, 13),
(14, 14),
(15, 15),
(16, 16),
(17, 17),
(18, 18),
(19, 19),
(20, 20),
(21, 21),
(22, 22),
(23, 23),
(24, 24),
(25, 25),
(26, 26),
(27, 27),
(28, 28),
(29, 29),
(30, 30),
(31, 31),
(32, 32),
(33, 33),
(34, 34),
(35, 35),
(36, 36),
(37, 37),
(38, 38),
(39, 39),
(40, 40),
(41, 41),
(42, 42),
(43, 43),
(44, 44),
(45, 45),
(46, 46),
(47, 47),
(48, 48),
(49, 49),
(50, 50),
(51, 51),
(52, 52),
(53, 53),
(54, 54),
(55, 55),
(56, 56),
(57, 57),
(58, 58),
(59, 59),
(60, 60),
(61, 61),
(62, 62),
(63, 63),
(64, 64),
(65, 65),
(66, 66),
(67, 67),
(68, 68),
(69, 69),
(70, 70),
(71, 71),
(72, 72),
(73, 73),
(74, 74),
(75, 75),
(76, 76),
(77, 77),
(78, 78),
(79, 79),
(80, 80),
(81, 81),
(82, 82),
(83, 83),
(84, 84),
(85, 85),
(86, 86),
(87, 87),
(88, 88),
(89, 89),
(90, 90),
(91, 91),
(92, 92),
(93, 93),
(94, 94),
(95, 95),
(96, 96),
(97, 97),
(98, 98),
(99, 99),
(100, 100),
(101, 101),
(102, 102),
(103, 103),
(104, 104),
(105, 105),
(106, 106),
(107, 107),
(108, 108),
(109, 109),
(110, 110),
(111, 111),
(112, 112),
(113, 113),
(114, 114),
(115, 115),
(116, 116),
(117, 117),
(118, 118),
(119, 119),
(120, 120),
(121, 121),
(122, 122),
(123, 123),
(124, 124),
(125, 125),
(126, 126),
(127, 127),
(128, 128),
(129, 129),
(130, 130),
(131, 131),
(132, 132),
(133, 133),
(134, 134),
(135, 135),
(136, 136),
(137, 137),
(138, 138),
(139, 139),
(140, 140),
(141, 141),
(142, 142),
(143, 143),
(144, 144),
(145, 145),
(146, 146),
(147, 147),
(148, 148),
(149, 149),
(150, 150),
(151, 151),
(152, 152),
(153, 153),
(154, 154),
(155, 155),
(156, 156),
(157, 157),
(158, 158),
(159, 159),
(160, 160),
(161, 161),
(162, 162),
(163, 163),
(164, 164),
(165, 165),
(166, 166),
(167, 167),
(168, 168),
(169, 169),
(170, 170),
(171, 171),
(172, 172),
(173, 173),
(174, 174),
(175, 175),
(176, 176),
(177, 177),
(178, 178),
(179, 179),
(180, 180),
(181, 181),
(182, 182),
(183, 183),
(184, 184),
(185, 185),
(186, 186),
(187, 187),
(188, 188),
(189, 189),
(190, 190),
(191, 191),
(192, 192),
(193, 193),
(194, 194),
(195, 195),
(196, 196),
(197, 197),
(198, 198),
(199, 199),
(200, 200),
(201, 201),
(202, 202),
(203, 203),
(204, 204),
(205, 205),
(206, 206),
(207, 207),
(208, 208),
(209, 209),
(210, 210),
(211, 211),
(212, 212),
(213, 213),
(214, 214),
(215, 215),
(216, 216),
(217, 217),
(218, 218),
(219, 219),
(220, 220),
(221, 221),
(222, 222),
(223, 223),
(224, 224),
(225, 225),
(226, 226),
(227, 227),
(228, 228),
(229, 229),
(230, 230),
(231, 231),
(232, 232),
(233, 233),
(234, 234),
(235, 235),
(236, 236),
(237, 237),
(238, 238),
(239, 239),
(240, 240),
(241, 241),
(242, 242),
(243, 243),
(244, 244),
(245, 245),
(246, 246),
(247, 247),
(248, 248),
(249, 249),
(250, 250),
(251, 251),
(252, 252),
(253, 253),
(254, 254),
(255, 255),
(256, 256),
(257, 257),
(258, 258),
(259, 259),
(260, 260),
(261, 261),
(262, 262),
(263, 263),
(264, 264),
(265, 265),
(266, 266),
(267, 267),
(268, 268),
(269, 269),
(270, 270),
(271, 271),
(272, 272),
(273, 273),
(274, 274),
(275, 275),
(276, 276),
(277, 277),
(278, 278),
(279, 279),
(280, 280),
(281, 281),
(282, 282),
(283, 283),
(284, 284),
(285, 285),
(286, 286),
(287, 287),
(288, 288),
(289, 289),
(290, 290),
(291, 291),
(292, 292),
(293, 293),
(294, 294),
(295, 295),
(296, 296),
(297, 297),
(298, 298),
(299, 299),
(300, 300),
(301, 301),
(302, 302),
(303, 303),
(304, 304),
(305, 305),
(306, 306),
(307, 307),
(308, 308),
(309, 309),
(310, 310),
(311, 311),
(312, 312),
(313, 313),
(314, 314),
(315, 315),
(316, 316),
(317, 317),
(318, 318),
(319, 319),
(320, 320),
(321, 321),
(322, 322),
(323, 323),
(324, 324),
(325, 325),
(326, 326),
(327, 327),
(328, 328),
(329, 329),
(330, 330),
(331, 331),
(332, 332),
(333, 333),
(334, 334),
(335, 335),
(336, 336),
(337, 337),
(338, 338),
(339, 339),
(340, 340),
(341, 341),
(342, 342),
(343, 343),
(344, 344),
(345, 345),
(346, 346),
(347, 347),
(348, 348),
(349, 349),
(350, 350),
(351, 351),
(352, 352),
(353, 353),
(354, 354),
(355, 355),
(356, 356),
(357, 357),
(358, 358),
(359, 359),
(360, 360),
(361, 361),
(362, 362),
(363, 363),
(364, 364),
(365, 365),
(366, 366),
(367, 367),
(368, 368),
(369, 369),
(370, 370),
(371, 371),
(372, 372),
(373, 373),
(374, 374),
(375, 375),
(376, 376),
(377, 377),
(378, 378),
(379, 379),
(380, 380),
(381, 381),
(382, 382),
(383, 383),
(384, 384),
(385, 388),
(386, 390),
(387, 392),
(388, 397),
(389, 403),
(390, 404),
(391, 405),
(392, 407),
(393, 410),
(394, 411),
(395, 416),
(396, 418),
(397, 419),
(398, 422),
(399, 427),
(400, 432);

-- --------------------------------------------------------

--
-- Struktur dari tabel `data_tweet`
--

CREATE TABLE `data_tweet` (
  `id_tweet` int(10) NOT NULL,
  `tweet` varchar(500) NOT NULL,
  `hasil_preprocessing` varchar(500) NOT NULL,
  `positif` int(3) NOT NULL,
  `kata_positif` varchar(200) NOT NULL,
  `negatif` int(3) NOT NULL,
  `kata_negatif` varchar(200) NOT NULL
) ENGINE=InnoDB DEFAULT CHARSET=latin1;

--
-- Dumping data untuk tabel `data_tweet`
--

INSERT INTO `data_tweet` (`id_tweet`, `tweet`, `hasil_preprocessing`, `positif`, `kata_positif`, `negatif`, `kata_negatif`) VALUES
(1, '@IndosatCare sinyal internet indosat kok sering bermasalah ya?', 'sinyal internet indosat masalah', 0, '', 1, ' masalah'),
(2, '@IndosatCare sejak kmrn malam sampai siang ini sinyal data indosat saya jelek sekali.', 'kemarin malam siang sinyal data indosat jelek', 0, '', 1, ' jelek'),
(3, '@JeniusConnect stuck login pada saat Create Device PIN. kondisi internet lancar, pake indosat. solusi?', 'stuck login create device pin kondisi internet lancar pakai indosat solusi', 1, ' lancar', 0, ''),
(4, 'No indosat sgj msh sya pake. Karena dah bbrp th saya pake, semua Orang deket jg taunya yg no indosat ini @IndosatCare ,tp selalu aja kecewa', 'nomor indosat sgj sya pakai bbrp th pakai orang tau nomor indosat tp kecewa', 0, '', 1, ' kecewa'),
(5, 'RT @puspitawarna: @IndosatCare Tolong yah, bangsat bener ini internet buat kerjaan jadi kacau semua, laknat kau, kuota telkomsel lg habis ', 'tolong yah bangsat internet kerja kacau laknat kuota telkomsel habis', 0, '', 3, ' bangsat kacau habis'),
(6, 'Min @IndosatCare aktifin paket bundling smartphone gimana? Aku beli hp xiaomi 4a dan di boxnya ada stiker paket bundling indosat. Thanks', 'min aktifin paket bundling aku beli hp xiaomi aa boxnya stiker paket bundling indosat terima kasih', 1, ' terima', 0, ''),
(7, 'Saya Hendra dan pengguna setia Indosat, saya tidak bisa menikmati layanan internet dari Indosat. No Hp 081575021645', 'hendra guna setia indosat nikmat layan internet indosat nomor hp', 2, ' setia nikmat', 1, ' setia'),
(8, ' selamat siang indoat, kuota saya masih 22 gb tp knp drtd saya gabisa konek internet ya? Di 3G dan 4G saya tdk bisa konek smua buat kecewa aja nih semakin susah', 'selamat siang indoat kuota gb tapi konek internet eg ag konek kecewa susah', 1, ' selamat', 2, ' kecewa susah'),
(9, '/rlt/ guys, yg pake indosat, kuota malamnya bisa dipake di siang ga? Yg pake cara ubah timezone gt biar lebih bisa berguna biar murah', 'rlt teman pakai indosat kuota malam dipake siang pakai ubah timezone begitu biar guna biar murah', 1, ' murah', 0, ''),
(10, 'BNP Paribas Tawarkan Investasi Reksadana Lewat Aplikasi Indosat Ooredoo https://t.co/uliBUXPzKv', 'bnp paribas tawar investasi reksadana aplikasi indosat ooredoo', 1, ' tawar', 0, ''),
(11, 'aniez_222 Siang kak, maaf late respon, sinyal internet yang kurang oke ya kak, akan kami bantu. Yuk DM. Salam ^Ceri', 'aniez 22-22 siang kak maaf late respon sinyal internet oke kak bantu ayo dm salam ceri', 1, ' maaf', 0, ''),
(12, ',@IndosatCare mohon segera ditindaklanjuti. Di daerah sy koneksi internet Indosat kembali terputus saat listrik mati. Saya di Kota Batam', 'mohon ditindaklanjuti daerah koneksi internet indosat putus listrik mati kota batam', 0, '', 2, ' putus mati'),
(13, '@IndosatCare koneksi internet indosat kmbli terputus saat listrik mati. Alhasil 3 jam lstrik mati,  3 jam pula koneksi internet terputus', 'koneksi internet indosat putus listrik mati alhasil jam lstrik mati jam koneksi internet putus', 0, '', 4, ' putus mati mati putus'),
(14, 'Dear @IndosatCare knp signal 4G indosat stiap menjelang siang buruk sekali.. ini di kota besar lu ! cc; @alexanderrusli', 'dear signal ag indosat jelang siang buruk kota cc', 0, '', 1, ' buruk'),
(15, ',@IndosatCare aku memilih hadiah jaringgan internet mu lebih stabil itu lebih dari hadiah yg sempurna,,karna kepuasan ku mnggunakan indosat', 'aku pilih hadiah jaringgan internet mu stabil hadiah sempurna karna puas ku mnggunakan indosat', 5, ' hadiah stabil hadiah sempurna puas', 1, ' puas'),
(16, '@IndosatCare min saya mau soal tarif sms indosat terbaru,kenapa sekarang bs mahal nyampe 800/sms.kmrin2 cmn 150/sms.', 'min soal tarif sms indosat baru kenapa mahal nyampe kmrin-kmrin cmn', 0, '', 1, ' mahal'),
(17, 'internet yang bagus apa sih selain tsel sama indosat', 'internet bagus apa sih tsel indosat', 1, ' bagus', 0, ''),
(18, 'Padahal udah lama bgt pake indosat, wktu masih jaringan 3G cepet deh internet nya tapi skrng di jaringan 4G kenapa lemot ya!', 'banget pakai indosat wktu jaring eg cepat deh internet tapi jaring ag lemah otak', 1, ' cepat', 1, ' lemah'),
(19, '@IndosatCare @iGilaar Gimana kasus saya?  Indosat, tutup mata?  Penipu!', 'indosat tutup mata tipu', 0, '', 1, ' tipu'),
(20, '@IndosatCare ko internet indosat saya parah ya?', 'internet indosat parah', 0, '', 1, ' parah'),
(21, 'indosat super internet 4,5GB https://t.co/ahMF0OQ20L #indosat #indosatsuperinternet #seo #web sms/wa089635111111 #olshop #pulsa', 'indosat super internet sgb sms waobggesi', 1, ' super', 0, ''),
(22, '@IndosatCare Meskikoneksi internet lelet tidak ada bosannya pakai indosat..!', 'meskikoneksi internet lambat bosan pakai indosat', 0, '', 2, ' lambat bosan'),
(23, '@IndosatCare Untuk indosat jaringan nya,  ada dimana2 namun koneksi ke internet nya msh kurang..  Mohon di perbaiki… ', 'indosat jaring mana koneksi internet mohon baik', 1, ' baik', 0, ''),
(24, 'RT @AdvokatBSatria: Dulu Mega jual Indosat, BUMN strategis pengelola pemilik satelit RI dgn harga murah. Secara ekonomi RI rugi besar, seca…', 'mega jual indosat bumn strategis kelola milik satelit ri harga murah ekonomi ri rugi seca', 1, ' murah', 0, ''),
(25, 'RT @AdvokatBSatria: Masih segar ingatan rakyat janji pak jokowi mau beli kembali PT Indosat yg dijual Megawati, kok setelah jd Presiden mal…', 'segar ingat rakyat janji jokowi beli pt indosat jual megawati presiden mal', 2, ' segar janji', 0, ''),
(26, 'RT @guffybach: @ikramarki Setya Novanto klo nomer indosat pulsanya abis, diisiin sama owner Telkomsel. Begitu juga sebaliknya #ThePowerOfSe…', 'setya novanto nomer indosat pulsa habis diisiin owner telkomsel begitu', 0, '', 1, ' habis'),
(27, 'indosat super internet 4,5GB https://t.co/ahMF0P7Dpl #indosat #indosatsuperinternet #seo #web sms/wa089635111111 #olshop #pulsa', 'indosat super internet sgb sms waobggesi', 1, ' super', 0, ''),
(28, '@IndosatCare sekalian min mau laporan sinyal utk internet indosat di gg sawal kel.pekayon kec. Pasar rebo jaktim lemah bgt', 'min lapor sinyal internet indosat gg sawal lurah pekayon kec pasar rebo jaktim lemah banget', 0, '', 1, ' lemah'),
(29, 'Realita pt.indosat Sudah menjadikan semua kepemilikan akta kelahiran sebagai hutang imf,sejak tahun 0 s/d -', 'realita pt indosat jadi milik akta lahir hutang imf sejak os d -', 0, '', 1, ' hutang'),
(30, 'Indosat Tantang Anak Muda Ikut Kompetisi IWIC. Kembangkan Inovasi Aplikasi https://t.co/99yHM8i1GB', 'indosat tantang anak muda kompetisi iwic kembang inovasi aplikasi', 2, ' muda inovasi', 0, ''),
(31, 'RT @AdvokatBSatria: Masih segar ingatan rakyat janji pak jokowi mau beli kembali PT Indosat yg dijual Megawati, kok setelah jd Presiden mal…', 'segar ingat rakyat janji jokowi beli pt indosat jual megawati presiden mal', 2, ' segar janji', 0, ''),
(32, 'RT @AdvokatBSatria: Masih segar ingatan rakyat janji pak jokowi mau beli kembali PT Indosat yg dijual Megawati, kok setelah jd Presiden mal…', 'segar ingat rakyat janji jokowi beli pt indosat jual megawati presiden mal', 2, ' segar janji', 0, ''),
(33, 'Promo INDOSAT ???? @daz0613g\n✔ Inject kuota murah\n✔ Pulsa murah\n✔ Kuota murah\n✔ Mudah\n✔ Fast… https://t.co/MMaoG09Rjj', 'promo indosat inject kuota murah pulsa murah kuota murah mudah fast', 4, ' murah murah murah mudah', 0, ''),
(34, 'RT @AdvokatBSatria: Dulu Mega jual Indosat, BUMN strategis pengelola pemilik satelit RI dgn harga murah. Secara ekonomi RI rugi besar, seca…', 'mega jual indosat bumn strategis kelola milik satelit ri harga murah ekonomi ri rugi seca', 1, ' murah', 0, ''),
(35, 'RT @AdvokatBSatria: Masih segar ingatan rakyat janji pak jokowi mau beli kembali PT Indosat yg dijual Megawati, kok setelah jd Presiden mal…', 'segar ingat rakyat janji jokowi beli pt indosat jual megawati presiden mal', 2, ' segar janji', 0, ''),
(36, 'RT @guffybach: @ikramarki Setya Novanto klo nomer indosat pulsanya abis, diisiin sama owner Telkomsel. Begitu juga sebaliknya #ThePowerOfSe…', 'setya novanto nomer indosat pulsa habis diisiin owner telkomsel begitu', 0, '', 1, ' habis'),
(37, '@IndosatCare Indosat kya tai lah setiap sya isi ulg pls sellu mengilg tanpa alsan sdg kn sya ga pernh trnski apa apa', 'indosat kya tai sya isi ulg pls sellu mengilg alsan sya pernh trnski apa apa', 0, '', 1, ' tai'),
(38, 'Balikpapan Kota Kelima Diluncurkannya Jaringan 4G LTE Indosat yang super kencang- https://t.co/N38XUAFDhs… https://t.co/u4OyiIVc1K #balikpapan', 'balikpapan kota luncur jaring ag lte indosat super kencang-', 1, ' super', 0, ''),
(39, 'indosat super internet 4,5GB https://t.co/gGoGnVlVso #indosat #indosatsuperinternet #seo #web 089635111111', 'indosat super internet sgb', 1, ' super', 0, ''),
(40, ',@IndosatCare @IM3Ooredoo Ngga apa apa lah.. yang penting paket internet murah saya di kasih terus sudah puas saya d… https://t.co/B42', 'apa apa paket internet murah kasih puas d', 2, ' murah puas', 1, ' puas'),
(41, ',@IndosatCare dah lma pke indosat tpi bru tahun2 ini sinyal lemot banget trutama internet nya,,bisa sih tpi pke sinyal EDGE yg lain gak bsa', 'lma pakai indosat tapi tahun sinyal lemah otak banget internet bisa sih tapi pakai sinyal edge', 0, '', 1, ' lemah'),
(42, 'Ada program Indosat Superplan utk Galaxy Note 8 gak, klo ada murah nih harganya@IndosatCare ?', 'program indosat superplan galaxy note murah', 1, ' murah', 0, ''),
(43, '@IndosatCare min galeri indosat di malang ada dimana aja untuk kota malang? thx', 'min galeri indosat malang mana kota malang terima kasih', 1, ' terima', 2, ' malang malang'),
(44, '@IndosatCare Tolong yah, bangsat bener ini internet buat kerjaan jadi kacau semua, laknat kau, kuota telkomsel lg h… https://t.co/EXePEYMGsk', 'tolong yah bangsat internet kerja kacau laknat kuota telkomsel h', 0, '', 2, ' bangsat kacau'),
(45, '@indosatCare kecewa dengan Indosat, akhir\" ini jaringan internet sering error. Mohon perbaiki kualitas jaringan internet nya', 'kecewa indosat jaring internet error mohon baik kualitas jaring internet', 1, ' baik', 2, ' kecewa error'),
(46, '@IndosatCare hi indosat saya salah satu pengguna matrix klo mau tau paket internet bulanan bs lihat infonya dimana ya?', 'hai indosat salah guna matrinya paket internet bulan lihat info mana', 0, '', 1, ' salah'),
(47, 'RT @ErafoneStore: Dapatkan smartphone idaman dengan harga super spesial hanya dengan berlangganan Super Plan! https://t.co/DYSMkUVLIu https…', 'dapat idam harga super spesial langgan super plan https', 2, ' super super', 0, ''),
(48, 'Belakangan semuanya jadi annoying. Dan diantara semua yang annoying itu, speed download Indosat adalah juaranya.', 'annoying annoying speed download indosat juara', 1, ' juara', 0, ''),
(49, '@nana_17678 Maksud Abang data internet Indosat udah 2 hari trouble', 'maksud abang data internet indosat trouble', 0, '', 1, ' trouble'),
(50, 'Dapatkan smartphone idaman dengan harga super spesial hanya dengan berlangganan Super Plan! https://t.co/DYSMkUVLIu https://t.co/0d1UxLGGeJ', 'dapat idam harga super spesial langgan super plan', 2, ' super super', 0, ''),
(51, '@IndosatCare Alfa, sayang sekali kami sekeluarga hampir semua memakai data internet dari indosat, kami kecewa dg B53', 'alfa sayang keluarga pakai data internet indosat kecewa bse', 1, ' sayang', 1, ' kecewa'),
(52, 'RT @IM3Ooredoo: Penawaran terbatas sd 1 Okt! Hanya dgn langganan Super Plan di Gerai Indosat Ooredoo, kamu bs dpt SMARTPHONE GRATIS! https:…', 'tawar batas sd okt langgan super plan gerai indosat ooredoo gratis https', 3, ' tawar super gratis', 0, ''),
(53, 'Masa yg lain bisa 4G... Tp indosat nya \"E\" .. Waduh itu signal tahun kpn @IndosatCare ??? Th 2000??? Kecewa', 'ag tapi indosat e signal th kecewa', 0, '', 1, ' kecewa'),
(54, 'No indosat sgj msh sya pake. Karena dah bbrp th saya pake, semua Orang deket jg taunya yg no indosat ini @IndosatCare ,tp selalu aja kecewa', 'nomor indosat sgj sya pakai bbrp th pakai orang tau nomor indosat tp kecewa', 0, '', 1, ' kecewa'),
(55, '2 bulanan gk aktifin paket internet indosat,karena signal nya luar biasa kacau @IndosatCare ,ini cb aktifin lagi paket yg 90rb, eh sama aja', 'bulan aktifin paket internet indosat karena signal kacau ini cb aktifin paket gorb eh', 0, '', 1, ' kacau'),
(56, 'RT @detikinet: Lepas Jabatan CEO Indosat, Alexander Rusli Mau Kemana? https://t.co/Z447TlyAYK', 'lepas jabat ceo indosat alexander rusli mana', 0, '', 1, ' lepas'),
(57, 'lovesbagus Ya kak, untuk super internet harus rebuying jika ingin kuota terakumulasi ya. Makasih^Wira', 'lovesbagus kak super internet rebuying kuota akumulasi terima kasih wira', 2, ' super terima', 0, ''),
(58, '@IndosatCare hei kak, knp ya indosat signal nya dri dulu gak bagus 2...Internet an lemot nya mnta ampun....  Yaaaa Ngehe pokonya dah', 'hei kak indosat signal bagus an lemah otak mnta ampun ya ngehe poko', 1, ' bagus', 2, ' lemah ampun'),
(59, 'Kenapa yaa internet di indosat ooredoo sangat lemot ga kaya dulu ??? @IndosatCare', 'yaa internet indosat ooredoo lemah otak kaya', 1, ' kaya', 1, ' lemah'),
(60, '@IndosatCare Min galeri indosat yang di daerah galaxy sebelah mana ya?', 'min galeri indosat daerah galaxy belah', 0, '', 1, ' belah'),
(61, 'AyungHermawan Kak Ayung :) Boleh infoin sinyal data pendukung yg kami infokan sblumnya via DM ya. :) ^Uky ', 'ayunghermawan kak ayung senang boleh infoin sinyal data dukung info sblumnya via dm senang uky', 2, ' senang senang', 0, ''),
(62, '@IndosatCare Paket Internet Matrix saya tidak diperpanjang secara sepihak oleh Indosat mengakibatkan tagihan naik 20x lipat tlg solusinya', 'paket internet matrinya panjang indosat akibat tagih ronya lipat tolong solusi', 0, '', 1, ' panjang'),
(63, '@TokopediaCare Sudah klarifikasi dg indosat dan pulsa sudah masuk kok. Hanya apps nya kemarin ini masalah. Thanks', 'klarifikasi indosat pulsa masuk apps kemarin terima kasih', 1, ' terima', 0, ''),
(64, '@IndosatCare  dan @HaloBCA  m-banking dr provider indosat sedang bermasalah, problem bank apa d provider', 'm-banking provider indosat masalah problem bang apa provider', 0, '', 1, ' masalah'),
(65, 'indosat super internet 4,5GB https://t.co/gGoGnVlVso #indosat #indosatsuperinternet #seo #web 089635111111', 'indosat super internet sgb', 1, ' super', 0, ''),
(66, '@IndosatCare min internet indosat jadi lemot bgt sih ....!', 'min internet indosat lemah otak banget sih', 0, '', 1, ' lemah'),
(67, 'RT @IM3Ooredoo: Penawaran terbatas sd 1 Okt! Hanya dgn langganan Super Plan di Gerai Indosat Ooredoo, kamu bs dpt SMARTPHONE GRATIS! https:…', 'tawar batas sd okt langgan super plan gerai indosat ooredoo gratis https', 3, ' tawar super gratis', 0, ''),
(68, '@IndosatCare kenapa pulsa indosat saya selalu terpotong, padahal tidak registrasi program apapun, hp saya nokia tanpa fitur internet?', 'pulsa indosat potong registrasi program apa hp nokia fitur internet', 0, '', 0, ''),
(69, 'Balikpapan Kota Kelima Diluncurkannya Jaringan 4G LTE Indosat super kencang - https://t.co/N38XUAFDhs… https://t.co/iIrjTIHN4X #balikpapan', 'balikpapan kota luncur jaring ag lte indosat super kencang -', 2, ' super kencang', 0, ''),
(70, 'RT @IM3OoredooMTR: Penting! Waspada modus undian berhadiah mengatasnamakan Indosat Ooredoo. Cek kebenaran info di https://t.co/oQQhWBMi1g a…', 'waspada modus undi hadiah mengatasnamakan indosat ooredoo cek benar informasi a', 3, ' waspada hadiah benar', 1, ' waspada'),
(71, 'Wwwooi.... payaah neeh dah seminggu ini sinyal internet indosat daerah Pamulang....!!!???', 'wooi payaah neeh minggu sinyal internet indosat daerah pamulang', 0, '', 1, ' payaah'),
(72, 'Min min @IndosatCare kalau hujan kok sinyal internet indosat suka jelek banget min, kebawa air hujan ya min?', 'min min hujan sinyal internet indosat suka jelek banget min bawa air hujan min', 0, '', 1, ' jelek'),
(73, '@IndosatCare gerai indosat hari sabtu buka sampai jam berapa ya ? Mumpung lagi ada waktu luang senggang', 'gerai indosat sabtu buka jam selagi luang senggang', 0, '', 0, ''),
(74, 'Penting! Waspada modus undian berhadiah mengatasnamakan Indosat Ooredoo. Cek kebenaran info di… https://t.co/qdGJTAT3UR', 'waspada modus undi hadiah mengatasnamakan indosat ooredoo cek benar informasi di', 3, ' waspada hadiah benar', 1, ' waspada'),
(75, 'Promo Super Plan mulai dari 200rb/bln. Kunjungi gerai Indosat Ooredoo sekarang juga! #ayokegeraiindosatooredoo', 'promo super plan roorb bln kunjung gerai indosat ooredoo', 1, ' super', 0, ''),
(76, 'Saya menambahkan video ke playlist @YouTube https://t.co/NaLP7E4W3J Kode Dial Rahasia Indosat Untuk Daftar Internet Super Murah', 'video playlist kode dial rahasia indosat daftar internet super murah', 2, ' super murah', 0, ''),
(77, 'Promo Super Plan mulai dari 200rb/bln. Kunjungi gerai Indosat Ooredoo sekarang juga! #ayokegeraiindosatooredoo https://t.co/Q619rOABRG', 'promo super plan roorb bln kunjung gerai indosat ooredoo', 1, ' super', 0, ''),
(78, 'kifli127 Hai kak, untuk paket internet masa aktfnya 30hari ya. Thanks ^Dia', 'kifliikifliij hai kak paket internet aktfnya eohari terima kasih dia', 1, ' terima', 0, ''),
(79, '@IndosatCare saya sangat kecewa dengan pelayanan indosat. Cust serv susah di hubungi. Registrasi paket internet gagal terus.', 'kecewa layan indosat cust serv susah hubung registrasi paket internet gagal', 0, '', 3, ' kecewa susah gagal'),
(80, '@IndosatCare kesel bgt sm indosat, suka ada konten2 yg aktif sendiri&amp;nyedot pulsa. Paket jg perpanjang otomatis pdhl ga prnah aktivasi', 'kesel banget indosat suka konten aktif amp nyedot pulsa paket panjang otomatis prnah aktivasi', 0, '', 1, ' panjang'),
(81, 'Kamu pake Indosat ya ??? Karena sinyal-sinyal cintamu sangat kuat sampai ke hatiku. @SteffyChiBi #SUgombal', 'pakai indosat sinyal cinta kuat hati', 3, ' cinta kuat hati', 1, ' kuat'),
(82, '@IndosatCare duh, tolong dong indosat smkin hari sinyalnya smkin hilang\" gak jelas. Kacau bener lemot', 'aduh tolong indosat smkin sinyal smkin hilang kacau lemah otak', 0, '', 2, ' kacau lemah'),
(83, '@IndosatCare @indo_line Akibatnya saya rugi, pulsa saya ketarik tarif internet dan sms/telp sesama indosat (bene… https://t.co/TcE3Cpk8XE', 'akibat rugi pulsa tarik tarif internet sms telp indosat bene', 0, '', 0, ''),
(84, 'kiqi01 Hi kak, data rollover berlaku pada Paket Freedom Combo dan Paket Internet Bulanan aja ya kak :) ^Ersi', 'kiqioi hai kak data rollover laku paket freedom combo paket internet bulan kak senang ersi', 1, ' senang', 0, ''),
(85, '@IndosatCare  pagi, apakah indosat sedang trouble? Pulsa saya ada 64889 tp saat saya ingin beli kuota dg harga 59rb tdk bisa', 'pagi apakah indosat trouble pulsa tapi beli kuota harga sgrb', 0, '', 1, ' trouble'),
(86, '@IndosatCare @IM3Ooredoo bulan lalu saya kena charge internet per-KB karena kesalahan sistem indosat saat perpanjangan paket. tolong cek ', 'kena charge internet per-kb salah sistem indosat panjang paket tolong cek', 0, '', 2, ' salah panjang'),
(87, '@IndosatCare sinyal internet Indosat lelet lagi, dah coba dr 3G ke 4G balik 3G lagi, tetap lelet. Lokasi Solo. Please tambah tower donk.', 'sinyal internet indosat lambat coba eg ag eg lambat lokasi solo please tower', 0, '', 2, ' lambat lambat'),
(88, '@IndosatCare selamat pagi indosat, akhir2 ini pulsa sy srng berkurang, dan mahal B90mohon bantuannya untuk mencheck kpn hal ini bs terjadi?', 'selamat pagi indosat akhir pulsa srng kurang mahal bgomohon bantu mencheck', 1, ' selamat', 2, ' kurang mahal'),
(89, 'RT @MuxlimoID: Fokus deh pln dan pantau sejumlah blok migas. Kita trauma juga, kan? Tanker dan Indosat - bikin perih dengarnya, eh Muamalat…', 'fokus deh pln pantau blok minyak gas bumi trauma tanker indosat - bikin perih dengar eh muamalat', 0, '', 1, ' trauma'),
(90, 'Kualitas internet/jaringan indosat akhir2 ini kok Busuk ya min @IndosatCare lebih2 klu malem hari tmbah parahh.', 'kualitas internet jaring indosat akhir busuk min lebih malam parahh', 0, '', 1, ' busuk'),
(91, '@IndosatCare masih sama, kalo memang ditower/bts tsb ada yg py Indosat knp bisa lemot begitu ya padahal jarak dr rmh ke BTS tsb hy 500 M??', 'ditower bts py indosat lemah otak begitu jarak rumah bts hy', 0, '', 1, ' lemah'),
(92, '@indosatcare Saya menerima sms sesama indosat dan dpt pesan pesan kelas 0 sisa plsa 16127 dan masa aktif tgl 29 desember 2017.solusinya?', 'terima sms indosat pesan pesan kelas osisa plsa aktif tanggal desember solusi', 1, ' terima', 0, ''),
(93, 'RT @MuxlimoID: Fokus deh pln dan pantau sejumlah blok migas. Kita trauma juga, kan? Tanker dan Indosat - bikin perih dengarnya, eh Muamalat…', 'fokus deh pln pantau blok minyak gas bumi trauma tanker indosat - bikin perih dengar eh muamalat', 0, '', 1, ' trauma'),
(94, 'om tolong di genjot om indosat saya soalnya saya internet youtube whatsapps dll agak lemot @IndosatCare  #thanks', 'om tolong genjot om indosat soal internet youtube whatsapps lain lemah otak', 0, '', 1, ' lemah'),
(95, '@IM3Ooredoo sinyal internet indosat udh brp hari ini lemoot banget. Lambang nya aja 4G, kecepatan nya 2G. Tolong perbaiki donk. Tq', 'sinyal internet indosat lemoot banget lambang ag cepat rg tolong baik terima kasih', 3, ' cepat baik terima', 0, ''),
(96, 'indosat super internet 4,5GB https://t.co/ahMF0OQ20L #indosat #indosatsuperinternet #seo #web sms/wa089635111111 #olshop #pulsa', 'indosat super internet sgb sms waobggesi', 1, ' super', 0, ''),
(97, '@alifebriyanto labor banget, kemarin ngerjain untuk green pramuka, modul optiknya bikin pusing, mana simpang2an ama indosat lagi', 'labor banget kemarin ngerjain green pramuka modul optik bikin pusing simpangsimpangan indosat', 0, '', 1, ' pusing'),
(98, 'Siang indosat, mohon bantuannya, pulsa saya berkurang terus, walaupun tidak digunakan untuk nelpon maupun internet. Bagaimana nih', 'siang indosat mohon bantu pulsa kurang nelpon internet', 0, '', 1, ' kurang'),
(99, 'Balikpapan Kota Kelima Diluncurkannya Jaringan 4G LTE Indosat super kencang- https://t.co/N38XUAFDhs… https://t.co/60aP9O0HuS #balikpapan', 'balikpapan kota luncur jaring ag lte indosat super kencang-', 1, ' super', 0, ''),
(100, 'RT @MuxlimoID: Fokus deh pln dan pantau sejumlah blok migas. Kita trauma juga, kan? Tanker dan Indosat - bikin perih dengarnya, eh Muamalat…', 'fokus deh pln pantau blok minyak gas bumi trauma tanker indosat - bikin perih dengar eh muamalat', 0, '', 1, ' trauma'),
(101, 'RT @IM3Ooredoo: Penawaran terbatas sd 1 Okt! Hanya dgn langganan Super Plan di Gerai Indosat Ooredoo, kamu bs dpt SMARTPHONE GRATIS! https:…', 'tawar batas sd okt langgan super plan gerai indosat ooredoo gratis https', 3, ' tawar super gratis', 0, ''),
(102, 'Fokus deh pln dan pantau sejumlah blok migas. Kita trauma juga, kan? Tanker dan Indosat - bikin perih dengarnya, eh Muamalat pantau juga.', 'fokus deh pln pantau blok minyak gas bumi trauma tanker indosat - bikin perih dengar eh muamalat pantau', 0, '', 1, ' trauma'),
(103, 'internet indosat lemoooooooooottt..... jancok', 'internet indosat lot jancok', 0, '', 1, ' jancok'),
(104, '@IndosatCare siang. Kenapa nomor indosat saya ga bisa untuk daftar paket internet ya ? Thanks', 'siang nomor indosat daftar paket internet terima kasih', 1, ' terima', 0, ''),
(105, '@IndosatCare kak , layanan data indosat di daerah telang kamal bangkalan madura masih sering ngadat padahal sinyal bagus , bisa dibantu?', 'kak layan data indosat daerah telang kamal bangkal madura ngadat sinyal bagus bantu', 1, ' bagus', 0, ''),
(106, 'indosat super internet 4,5GB https://t.co/gGoGnV4kAQ #indosat #indosatsuperinternet #seo #web 089635111111', 'indosat super internet sgb', 1, ' super', 0, ''),
(107, 'RT @munichdesc: Indosat koneksi Internet nya ampun ampunan yak :/', 'indosat koneksi internet ampun ampun yak', 0, '', 2, ' ampun ampun'),
(108, 'RT @munichdesc: Indosat koneksi Internet nya ampun ampunan yak :/', 'indosat koneksi internet ampun ampun yak', 0, '', 2, ' ampun ampun'),
(109, 'PT Indosat Ooredoo atau yang dahulu disebut PT Indosat Tbk. adalah nama dari salah satu… https://t.co/nAPKTXB70y', 'pt indosat ooredoo pt indosat tbk nama salah satu', 0, '', 1, ' salah'),
(110, '@IndosatCare sinyal indosat 4G ditempat saya sering blank\n..... bukannya lebih bagus 3G..', 'sinyal indosat ag tempat blang bagus eg', 1, ' bagus', 0, ''),
(111, 'mutiandina Hi Kak. Paket Super Internet Unlimited masih ada kok. Bisa cek di *123# yah :) ^Nio', 'mutiandina hai kak paket super internet unlimited cek yah senang nio', 2, ' super senang', 0, ''),
(112, 'RT @AdiraFinanceID: Akan ada 2 pemenang beruntung dari FB &amp; Twitter yang mendapatkan hadiah pulsa INDOSAT 25K dari Adira Finance.\n\n#KuisAdi…', 'menang untung facebook amp twitter hadiah pulsa indosat rsk adira finance', 3, ' menang untung hadiah', 0, ''),
(113, '@IndosatCare Cs care twitter payah ga bisa kasih solusi.. org yg jawab ganti2 mulu ga selesai2 komplain org..payah indosat', 'cs care twitter payah kasih solusi orang ganti melulu selesai komplain orang indosat', 0, '', 1, ' payah'),
(114, '@IndosatCare semalam internet sy susah banget dapat jaringan indosat sebelumnya lancar. Apakah ada lagi ada perbaikan.', 'malam internet susah banget jaring indosat lancar apakah baik', 2, ' lancar baik', 1, ' susah'),
(115, '@IndosatCare gerai indosat ungaran bisa untuk mengurus kartu yg sudah expired gak ya?terima kasih', 'gerai indosat ungar urus expired terima kasih', 1, ' terima', 0, ''),
(116, '@IndosatCare indosat lg gangguan apa gimana ya kok susah  gak konek, semalem beli paket internet malah registrasi dalam proses terus smsnya sampe jam 02.00...', 'indosat ganggu apa susah konek semalem beli paket internet registrasi proses smsnya jam', 0, '', 2, ' ganggu susah'),
(117, '@rzfzzr pastikan ketika akses My IM3, terkoneksi dengan data internet dari Indosat ya kak. ^Oca', 'pasti akses my ime koneksi data internet indosat kak oca', 1, ' pasti', 1, ' pasti'),
(118, 'Balikpapan Kota Kelima Diluncurkannya Jaringan 4G LTE Indosat super kencang- https://t.co/N38XUAFDhs… https://t.co/DbuAoozp8s #balikpapan', 'balikpapan kota luncur jaring ag lte indosat super kencang-', 1, ' super', 0, ''),
(119, 'RT @IM3Ooredoo: Penawaran terbatas sd 1 Okt! Hanya dgn langganan Super Plan di Gerai Indosat Ooredoo, kamu bs dpt SMARTPHONE GRATIS! https:…', 'tawar batas sd okt langgan super plan gerai indosat ooredoo gratis https', 3, ' tawar super gratis', 0, ''),
(120, '@AganRachmat Kak, mohon maaf sekali ya Kak, bisa coba ke Gerai Indosat Jember ya Kak. ^Anin', 'kak mohon maaf kak coba gerai indosat jember kak anin', 1, ' maaf', 0, ''),
(121, '@IndosatCare  sdah berjam2 listrik mati, n sdh berjam2 jg koneksi internet indosat terputus. Miris, saya tgl di slah satu kota besar di indo', 'jam listrik mati jam koneksi internet indosat putus miris tanggal slah kota indo', 0, '', 2, ' mati putus'),
(122, 'Nah ini baru namanya indosat, seperti awal ada 4G semoga konsist ya 3,9M brow kenceng banget koneksinya puas dah! https://t.co/5FjCOL4YPq', 'nama indosat ag moga konsist gm brow kenceng banget koneksi puas', 2, ' kenceng puas', 1, ' puas'),
(123, '@MAHENDRA_GNW @jokowi Semua benar\nyang HOAX mobil esemka sama buyback indosat', 'isu bohong mobil esemka buyback indosat', 0, '', 2, ' isu bohong'),
(124, 'BNP Paribas Tawarkan Investasi Reksadana Lewat Aplikasi Indosat Ooredoo https://t.co/DUk9wXs3FB', 'bnp paribas tawar investasi reksadana aplikasi indosat ooredoo', 1, ' tawar', 0, ''),
(125, '@IndosatCare ah sama aja min, tetep lemot banget. gak ada perubahannya. udah dua tahun saya pake indosat tp baru kali ini lemotbangeeeet.', 'ah min tetep lemah otak banget ubah pakai indosat tapi kali lemotbanget', 0, '', 1, ' lemah'),
(126, 'Kamu pake Indosat ya ? Karena sinyal-sinyal cintamu sangat kuat sampai ke hatiku.', 'pakai indosat sinyal cinta kuat hati', 3, ' cinta kuat hati', 1, ' kuat'),
(127, 'indosat internetnya kok semakin lemot padahal sdh ambil langganan bulanan,  di kediri kok kalah jauh dg Esia', 'indosat internetnya lemah otak ambil langgan bulan diri kalah esia', 0, '', 2, ' lemah kalah'),
(128, '@IndosatCare Call ke 185 di twitter semua ga ada jawaban dari indosat. Mau nya indosat ga ada keluhan dari pelanggan? Bikin kecewa pelanggan', 'call twitter indosat indosat keluh langgan bikin kecewa langgan', 0, '', 1, ' kecewa'),
(129, '@baeknim04 mau yang murah B131Yaudah kasih axis/indosat', 'murah bbiyaudah kasih axis indosat', 1, ' murah', 0, ''),
(130, '@IndosatCare Enggak kok kartu masih ok.cuma sinyal inetnya aja yg lemot emang indosat payah.', 'ok cuma sinyal inetnya lemah otak indosat payah', 0, '', 2, ' lemah payah'),
(131, 'Berita Terbaru: Transformasi Digital Tren di Indonesia, Indosat Andalkan IM3 Ooredoo… https://t.co/HeHxP516xW', 'berita baru transformasi digital tren indonesia indosat andal ime ooredoo', 1, ' andal', 0, ''),
(132, 'Berita Terkini:  Transformasi Digital Tren di Indonesia, Indosat Andalkan IM3 Ooredoo', 'berita kini transformasi digital tren indonesia indosat andal ime ooredoo', 1, ' andal', 0, ''),
(133, 'Balikpapan Kota Kelima Diluncurkannya Jaringan 4G LTE Indosat super kencang - https://t.co/N38XUAFDhs… https://t.co/jjEvkjvuyo #balikpapan', 'balikpapan kota luncur jaring ag lte indosat super kencang -', 2, ' super kencang', 0, ''),
(134, '@IndosatCare INDOSAT APA KABAR?  MAU BANGKRUT?  KASUS SAYA GIMANA???  DM GA DIBALES?  PURA2 ??', 'indosat apa kabar bangkrut dm dibales pura', 0, '', 1, ' bangkrut'),
(135, 'piye indosat, sudah aktifasi pemberitahuan tagihan\n lewat email kok tetep di tagih lewat surat dan pos, padahal bayar gak pernah telat', 'piye indosat aktifasi pemberitahuan tagih email tetep tagih surat pos bayar lambat', 0, '', 1, ' lambat'),
(136, 'indosat super internet 4,5GB https://t.co/ahMF0OQ20L #indosat #indosatsuperinternet #seo #web sms/wa089635111111 #olshop #pulsa', 'indosat super internet sgb sms waobggesi', 1, ' super', 0, ''),
(137, 'BNP Paribas Tawarkan Investasi Reksadana Lewat Aplikasi Indosat Ooredoo - https://t.co/NkS3aK7PJq', 'bnp paribas tawar investasi reksadana aplikasi indosat ooredoo -', 1, ' tawar', 0, ''),
(138, '@IndosatCare Kepada indosat Kpa akhir2 ini jaringan internet indosat saya bermasalah sering kali jam 17.00-20.00 jaringan gk bisa di pake', 'indosat kpa akhir jaring internet indosat masalah kali jam jaring pakai', 0, '', 1, ' masalah'),
(139, '@IndosatCare Yaitu paket chat tanpa Internet khusus Indosat. Tolong paket nya distop dan pulsa 10 rb dikembalikan ke nomor saya.', 'yaitu paket chat internet khusus indosat tolong paket stop pulsa rb kembali nomor', 1, ' khusus', 2, ' khusus kembali'),
(140, '@juarazr XL sudah pasti pakai sih, cuma pernah denger katanya 3 dan Indosat lumayan di sana... Kalo iya mau beli perdana internet', 'xl pakai sih denger indosat lumayan beli perdana internet', 1, ' lumayan', 0, ''),
(141, '@IndosatCare Saya sebagai pengguna Indosat merasa kecewa. Dan saya mohon untuk perbaikan nya.kouta masih bnyak tapi tdk bisa akses internet!', 'guna indosat kecewa mohon baik kouta bnyak tapi akses internet', 1, ' baik', 1, ' kecewa'),
(142, 'Kenapa akhir2 ini indosat sering tdk bsa akses internet padahal kouta masih banyak. Dan 4G nya jg tidak bisa mohon untuk diperbaiki,', 'akhir indosat akses internet kouta ag mohon baik', 1, ' baik', 0, ''),
(143, '@Telkomsel min mau tanya, speed Internet simpati parah bgt y? Jauh bgt sm Indosat.', 'min speed internet simpati parah banget banget indosat', 0, '', 1, ' parah'),
(144, 'Indosat Internet nya kaga jalan kalo ujan udah dua hari begini rumah gw dusun banget dah kayanya', 'indosat internet jalan ujan begini rumah dusun banget kayak', 0, '', 1, ' dusun'),
(145, '@IndosatCare tlg dong layanannya ditingkatkan, masa setiap listrik mati di daerah batu aji batam, koneksi internet indosat lumpuh...', 'tolong layan tingkat listrik mati daerah batu aji batam koneksi internet indosat lumpuh', 0, '', 2, ' mati lumpuh'),
(146, '@IndosatCare kenapa setiap kali gw di adam malik grogol koneksi internet Indosat setan mati? SETIAP KALI GW DISINI.', 'kali adam malik grogol koneksi internet indosat setan mati kali', 0, '', 2, ' setan mati'),
(147, '@IndosatCare halo, Indosat saya udah berjam2 gak bisa konek ke internet nih, lokasi di Medan. Makasi', 'halo indosat jam konek internet lokasi medan makas', 0, '', 0, ''),
(148, '@IndosatCare internet kenapa jadi lemot banget sik, jaringan doang 4G, payah banget indosat', 'internet lemah otak banget sik jaring ag payah banget indosat', 0, '', 2, ' lemah payah'),
(149, '@IndosatCare sinyal internet di jl.kebon pala 1 kel. kampung melayu kec. jatinegara jakarta timur 3G atau 4G parah banget.... tolong indosat', 'sinyal internet jalan kebon kepala kel kampung melayu kec jatinegara timur eg ag parah banget tolong indosat', 0, '', 2, ' melayu parah'),
(150, 'Indosat ini bangke banget lah. Hari gini di Jakarta gak ada koneksi internet. Akhhh. Bete kali aku pakai Indosat nih', 'indosat bangke banget begini koneksi internet akh bosan kali aku pakai indosat', 0, '', 1, ' bosan'),
(151, 'Hi @indosatcare .Sy penikmat promo paket internet murah dr indosat. Hari in sy dpt sms dr indosat.Stlah sy konfir YA. Ko ga ada blasan lagi?', 'hai sy nikmat promo paket internet murah indosat in sms indosat stlah konfir blasan', 2, ' nikmat murah', 0, ''),
(152, '@IndosatCare @ayoechimut SELAMAT BERGABUNG DI INDOSAT..  DIMANA PULSA ANDA SERING TERPOTONG DENGAN, SENDIRINYA,  DA… https://t.co/6VQolNHiv3', 'selamat gabung indosat mana pulsa anda potong da', 1, ' selamat', 0, ''),
(153, '@IndosatCare SEMOGA INDOSAT SEGERA BANGKRUT...  AAMIIN...  LAMA2 NGEHEK NIH, OPERATOR!!!', 'moga indosat bangkrut aamiin lama ngehek operator', 0, '', 2, ' bangkrut lama'),
(154, '@IndosatCare TERNYATA INDOSAT PENGECUT PAYAH!!!!', 'nyata indosat kecut payah', 0, '', 1, ' payah'),
(155, '@IndosatCare Knapa internet indosat lemot bangat untuk daerah bekasi,speed nya juga donw', 'knapa internet indosat lemah otak bangat daerah bekas speed donw', 0, '', 2, ' lemah bekas'),
(156, 'ada paket internet murah ga sih -_- kapok bgt pake indosat', 'paket internet murah sih - - kapok banget pakai indosat', 1, ' murah', 0, ''),
(157, 'Kecepatan maksimal internet Indosat kalau subuh (dan di tempat tertentu). Beda kalau siang atau jam 7-10 malem..... https://t.co/lP16tRGlP7', 'cepat maksimal internet indosat subuh dan beda siang jam 7-10 malam', 1, ' cepat', 0, ''),
(158, 'Indosat Ooredoo Makin Agresif di Era Transformasi Digital https://t.co/BHubPkwqQY', 'indosat ooredoo agresif era transformasi digital', 0, '', 1, ' agresif'),
(159, 'Kok sinyal indosat engga dapat di daerah kosan saya? payah @IndosatCare', 'sinyal indosat daerah kosan payah', 0, '', 1, ' payah'),
(160, 'Indosat Ooredoo Makin Agresif di Era Transformasi Digital #IndosatOoredoo https://t.co/hoTednyS5n', 'indosat ooredoo agresif era transformasi digital', 0, '', 1, ' agresif'),
(161, 'Balikpapan Kota Kelima Diluncurkannya Jaringan 4G LTE Indosat super kencang - https://t.co/N38XUAFDhs… https://t.co/1r65xpeZs1 #balikpapan', 'balikpapan kota luncur jaring ag lte indosat super kencang -', 2, ' super kencang', 0, ''),
(162, '@IndosatCare Sinyal 4g indosat akhir2 ini susah nyantolnya. Kek nyari jodoh aja, susah nyantolnya. Zzzz', 'sinyal ag indosat akhir susah nyantolnya cari jodoh susah nyantolnya', 0, '', 2, ' susah susah'),
(163, 'RT @AdiraFinanceID: Akan ada 2 pemenang beruntung dari FB &amp; Twitter yang mendapatkan hadiah pulsa INDOSAT 25K dari Adira Finance.\n\n#KuisAdi…', 'menang untung facebook amp twitter hadiah pulsa indosat rsk adira finance', 3, ' menang untung hadiah', 0, ''),
(164, 'internet indonesia itu cepat cepat memancing emosi  - paijo, 20 th, tinggal di desa, make tri/indosat\"', 'internet indonesia cepat cepat pancing emosi - paijo th tinggal desa make tri indosat', 2, ' cepat cepat', 0, ''),
(165, 'Dan gak ada perbaikan dari indosat hmm payah nyesel gue kecewa banget @indosatcare', 'baik indosat hmm payah nyesel kecewa banget', 1, ' baik', 2, ' payah kecewa'),
(166, 'Yang murah tapi kualitas gak murahan?Indosat kan? #AppsdanRp1 #B #Rp1Lampung #kerjaseru', 'murah tapi kualitas murah indosat', 2, ' murah murah', 0, ''),
(167, 'Yang murah tapi kualitas gak murahan?Pasti indosat\n#AppsdanRp1\n#B\n#Rp1Lampung\n#kerjaseru', 'murah tapi kualitas murah pasti indosat', 3, ' murah murah pasti', 1, ' pasti'),
(168, '@IndosatCare Oh iya min jaringan indosat di kuningan jawa barat lemah banget, internet jadinya lemot banget. Trus 4G juga ga suka nongol', 'oh min jaring indosat kuningan jawa barat lemah banget internet lemah otak banget ag suka nongol', 1, ' jawa', 2, ' lemah lemah'),
(169, '@IndosatCare indosat error nih min.. masa dari jam 3 tadi speed cuma 250k ga beres nih ah padahal 4 lho', 'indosat error min jam speed rsok beres ah lho', 0, '', 1, ' error'),
(170, 'Balikpapan Kota Kelima Diluncurkannya Jaringan 4G LTE Indosat - https://t.co/N38XUAFDhs… https://t.co/hiyzrOjnHy #balikpapan', 'balikpapan kota luncur jaring ag lte indosat -', 0, '', 0, ''),
(171, 'Good bye indosat, jasa2mu takan kulupa. Semoga msih ada pelangganya. @IndosatCare  #indosatooredoo #RIPim3 https://t.co/7GgggAZOls', 'good bye indosat jasajasamu tak lupa moga msih pelangganya', 0, '', 1, ' lupa'),
(172, '@IndosatCare selamat malam kak, kok kecepatan internet indosat cuma segini sih. udah semingguan ini lho. lokasi suk… https://t.co/08Cv1bQ9Uv', 'selamat malam kak cepat internet indosat gin sih minggu lho lokasi suk', 2, ' selamat cepat', 0, ''),
(173, 'Yang murah tapi kualitas gak murahan?Indosat kan?\n#AppsdanRp1\n#B\n#Rp1Lampung\n#kerjaseru', 'murah tapi kualitas murah indosat', 2, ' murah murah', 0, ''),
(174, 'Cara Top Up dan Metode Pembayaran Paket Internet XL/Indosat Super Bundle Indovision https://t.co/MYZQf4llLt via @MeltikCorp', 'top up metode bayar paket internet xl indosat super bundle indovision via', 1, ' super', 0, ''),
(175, 'Indosat ooredoo murah bangetttt #AppsdanRp1 #B #Rp1Lampung #kerjaseru', 'indosat ooredoo murah banget', 1, ' murah', 0, ''),
(176, '@IndosatCare Lemes kalo ga ada pertanggung jawaban :( bye indosat...  Ganti telkomsel', 'lemes sedih bye indosat ganti telkomsel', 0, '', 1, ' sedih'),
(177, '@IndosatCare gabisa beli paket internet dari siang, terus tiba2 malah kepotong pulsa, padahal ga daftar apa2. Apa2an ini indosat ?', 'beli paket internet siang tiba potong pulsa daftar apa apaapaan indosat', 0, '', 0, ''),
(178, '@IndosatCare RT @charlestedy: Sinyal jaringan internet 4G #indosat luar biasa busuk tp ketika dikomplain mlh se-akan2 menyalahkan seting an', 'sinyal jaring internet ag busuk tapi komplain mlh se-akan-akan salah ting an', 0, '', 2, ' busuk salah'),
(179, 'Di negara lain udah mau 5g. Lah ini @indosatcare masih bangga dengan 2g. Sehat pegawai indosat', 'negara sg bangga rg sehat pegawai indosat', 2, ' bangga sehat', 0, ''),
(180, '@indosatcare nyarin suruh ini itu udah dilakuin masih aja sinyal gak ada. Berarti lu yang busuk indosat', 'nyarin suruh dilakuin sinyal busuk indosat', 0, '', 1, ' busuk'),
(181, 'Balikpapan Kota Kelima Diluncurkannya Jaringan 4G LTE Indosat super kencang - https://t.co/N38XUAFDhs… https://t.co/nqqn2E7cp8 #balikpapan', 'balikpapan kota luncur jaring ag lte indosat super kencang -', 2, ' super kencang', 0, ''),
(182, '@IndosatCare ANJING...  GA ADA PEMBERITAHUAN KALO QUOTA HABIS..  KENAK DATA PER KB 60RIBU HANGUS..  ANJING..  BANGK… https://t.co/gdSu8rrQ9z', 'anjing pemberitahuan quota habis nak data kb goribu hangus anjing bangk', 0, '', 3, ' anjing habis anjing'),
(183, 'Indosat ooredoo murah bangetttt\n#AppsdanRp1\n#B\n#Rp1Lampung\n#kerjaseru', 'indosat ooredoo murah banget', 1, ' murah', 0, ''),
(184, 'Mundur Dari Indosat Ooredoo, Apa Pesan Alex Rusli ke Pemerintah? https://t.co/okUlsVTnZD', 'mundur indosat ooredoo apa pesan alenya rusli perintah', 0, '', 1, ' mundur'),
(185, 'Mundur Dari Indosat Ooredoo, Apa Pesan Alex Rusli ke Pemerintah? https://t.co/aZW4cGmYlo https://t.co/Fe0oAHNOzv', 'mundur indosat ooredoo apa pesan alenya rusli perintah', 0, '', 1, ' mundur'),
(186, 'RT @IM3Ooredoo: Penawaran terbatas sd 1 Okt! Hanya dgn langganan Super Plan di Gerai Indosat Ooredoo, kamu bs dpt SMARTPHONE GRATIS! https:…', 'tawar batas sd okt langgan super plan gerai indosat ooredoo gratis https', 3, ' tawar super gratis', 0, ''),
(187, '@IndosatCare indosat parah sinyal buruk, udh h+ sinyal cuman 2 wkwk parah parah', 'indosat parah sinyal buruk sinyal cuma tertawa parah parah', 0, '', 4, ' parah buruk parah parah'),
(188, 'RT @IM3Ooredoo: Penawaran terbatas sd 1 Okt! Hanya dgn langganan Super Plan di Gerai Indosat Ooredoo, kamu bs dpt SMARTPHONE GRATIS! https:…', 'tawar batas sd okt langgan super plan gerai indosat ooredoo gratis https', 3, ' tawar super gratis', 0, ''),
(189, 'maaf , kok kecepatan internet kartu indosat saya lemot yah , @indosatcare', 'maaf cepat internet indosat lemah otak yah', 2, ' maaf cepat', 1, ' lemah'),
(190, 'BNP Paribas Tawarkan Investasi Reksadana Lewat Aplikasi Indosat Ooredoo - https://t.co/StTa7Sv6us', 'bnp paribas tawar investasi reksadana aplikasi indosat ooredoo -', 1, ' tawar', 0, ''),
(191, 'Sinyal jaringan internet 4G #indosat luar biasa busuk tp ketika dikomplain mlh se-akan2 menyalahkan seting an hape pelanggan yg ga bnr. ckck', 'sinyal jaring internet ag busuk tapi komplain mlh se-akan-akan salah ting an hape langgan bnr ck', 0, '', 2, ' busuk salah'),
(192, '@IndosatCare sy disms promo internet sama akun Indosat tp udh ngetik sesuai format knp ga ada2 blsan? Jdnya ga bs2 apply promonya nih. Help', 'disms promo internet akun indosat tapi ngetik sesuai format ada blsan jdnya bs-bs apply promonya help', 1, ' sesuai', 0, ''),
(193, '@IndosatCare penyakit indosat kalo ujan, sinyal internet mati. Pfft. Sinyal internetnya luntur kali ya kena ujan.B198', 'sakit indosat ujan sinyal internet mati pfft sinyal internetnya luntur kali kena ujan bigb', 0, '', 2, ' sakit mati'),
(194, 'Beli paket data Indosat tapi belum bisa dipakai, udah makan pulsa pula internetnya :(', 'beli paket data indosat tapi pakai makan pulsa internetnya sedih', 0, '', 1, ' sedih'),
(195, 'Balikpapan Kota Kelima Diluncurkannya Jaringan 4G LTE Indosat super kencang - https://t.co/N38XUAFDhs… https://t.co/iaDPIhRynq #balikpapan', 'balikpapan kota luncur jaring ag lte indosat super kencang -', 2, ' super kencang', 0, ''),
(196, 'BNP Paribas Tawarkan Investasi Reksadana Lewat Aplikasi Indosat Ooredoo https://t.co/qA9ECBJcfC #yogyakarta https://t.co/xLNfjcLhUv', 'bnp paribas tawar investasi reksadana aplikasi indosat ooredoo', 1, ' tawar', 0, ''),
(197, '@IndosatCare aku ga suka DM-DM an....  Tapi ini serius indosat jelek banget internet kok ga bisa...', 'aku suka dm-dm an tapi serius indosat jelek banget internet', 0, '', 2, ' serius jelek'),
(198, '@arman_dhani seneng banget Indosat Oredo jebol 29gb', 'neng banget indosat oredo jebol rggb', 0, '', 0, ''),
(199, 'RT @guffybach: @ikramarki Setya Novanto klo nomer indosat pulsanya abis, diisiin sama owner Telkomsel. Begitu juga sebaliknya #ThePowerOfSe…', 'setya novanto nomer indosat pulsa habis diisiin owner telkomsel begitu', 0, '', 1, ' habis'),
(200, '@IndosatCare nanya min. internet sinyal indosat di daerah tegalwaru, cilamaya (karawang, jawa barat) saat ini ada gangguan y?\"', 'min internet sinyal indosat daerah tegalwaru cilamaya karawang jawa barat ganggu', 1, ' jawa', 1, ' ganggu'),
(201, 'indosat super internet 4,5GB https://t.co/gGoGnVlVso #indosat #indosatsuperinternet #seo #web 089635111111', 'indosat super internet sgb', 1, ' super', 0, ''),
(202, 'Boss @alexanderrusli kok jaringan internet indosat makin berantakan ya!', 'boss jaring internet indosat beranta', 0, '', 0, ''),
(203, 'BNP Paribas Tawarkan Investasi Reksadana Lewat Aplikasi Indosat Ooredoo https://t.co/J6UVHWZoqa', 'bnp paribas tawar investasi reksadana aplikasi indosat ooredoo', 1, ' tawar', 0, ''),
(204, 'Kamu pake Indosat ya ??? Karena sinyal- sinyal cintamu sangat kuat sampai ke hatiku.Hahaha :D *gombal', 'pakai indosat sinyal- sinyal cinta kuat hati ha d gombal', 3, ' cinta kuat hati', 1, ' kuat'),
(205, 'Kamu pake Indosat ya ??? Karena sinyal-sinyal cintamu sangat kuat sampai ke hatiku. #junewish', 'pakai indosat sinyal cinta kuat hati', 3, ' cinta kuat hati', 1, ' kuat'),
(206, '\"Aku yakin banget kalau kamu pake kartu indosat..!! buktinya sinyal-sinyal cinta kamu begitu kuat banget menusuk ke jantung hati aku\"', 'aku yakin banget pakai indosat bukti sinyal cinta begitu kuat banget tusuk jantung hati aku', 4, ' yakin cinta kuat hati', 1, ' kuat'),
(207, '@IndosatCare @inDani_us indosat makin hari makin parah jaringgannya,,, udah 2 hari ini gk bisa gunakan paket data k… https://t.co/iyYsGaKvjy', 'indosat parah jaringgannya paket data k', 0, '', 1, ' parah'),
(208, 'Balikpapan Kota Kelima Diluncurkannya Jaringan 4G LTE Indosat super kencang - https://t.co/N38XUAFDhs… https://t.co/jVKudJKkzD #balikpapan', 'balikpapan kota luncur jaring ag lte indosat super kencang -', 2, ' super kencang', 0, ''),
(209, '@IndosatCare dari tadi jam 21.00 ko kartu indosat saya ga konek ke internet ya? Lagi gangguan ?', 'jam indosat konek internet ganggu', 0, '', 1, ' ganggu'),
(210, '@alexanderrusli bos Kok indosat mu lemot parah sih,Ini sih udah krtu trlemot se indo. Indsatcare mu cman basa basi doang nanya,tp g ad hasil', 'bos indosat mu lemah otak parah sih ini sih trlemot indo indsatcare mu cman basa basi tp hasil', 0, '', 3, ' lemah parah basi'),
(211, '@IndosatCare min...skr indosat ud beberapa bulan di jakarta selatan kok 4G nya lemot sangat yaa dan 3G nya juga ga naik turun', 'min indosat selatan ag lemah otak yaa eg turun', 0, '', 1, ' lemah'),
(212, 'Sedikitnya sdh 5x tlp ke CS @IndosatCare,  3x datang ke gerai indosat namun tidak menyelesaikan masalah sama sekali &amp; hanya janji2 belaka', 'snya telepon cs enya gerai indosat selesai amp janji belaka', 1, ' janji', 0, ''),
(213, 'Aduh jaringan indosat lagi lemot..? Kemarin katanya ad perbaikan tapi mana jaringann 3G masih lemot..?!!!!!', 'aduh jaring indosat lemah otak kemarin baik tapi jaringann eg lemah otak', 1, ' baik', 2, ' lemah lemah'),
(214, '@IndosatCare sya lihat sngat bbyak komplain lemotnya indosat parahnya indosat.. Sbnrnya kmu lporin k atsan kmu g sih.. Kok g ad prubhan.. Hmpir smua wilyah', 'sya lihat sngat bbyak komplain lot indosat parah indosat sbnrnya kmu lporin atsan kmu sih prubhan hmpir wilyah', 0, '', 1, ' parah'),
(215, '@IndosatCare : Min Tlg bantu yah? Ud kepotong pulsa buat kuota tp ga bs akses internet. Tlg info nmr call center indosat yg bisa dihubungi?', 'min tolong bantu yah potong pulsa kuota tapi akses internet tolong informasi nomor call center indosat hubung', 0, '', 0, ''),
(216, 'RT @guffybach: @ikramarki Setya Novanto klo nomer indosat pulsanya abis, diisiin sama owner Telkomsel. Begitu juga sebaliknya #ThePowerOfSe…', 'setya novanto nomer indosat pulsa habis diisiin owner telkomsel begitu', 0, '', 1, ' habis'),
(217, '@IndosatCare Saya dapet sms dari indosat, di suruh isi ulang pulsa 10rb cuma setelah Saya isi masih engga bisa. Mohon infonya. Terimakasih', 'sms indosat suruh isi ulang pulsa iorb isi mohon info terimakasih', 0, '', 1, ' ulang'),
(218, '@endangpanjul Silakan ke Gerai Indosat terdekat kak, agar bisa dilakukan pergantian kartu dengan nomor yang sama. Thx ^Way', 'sila gerai indosat dekat kak ganti nomor terima kasih way', 1, ' terima', 0, ''),
(219, 'RT @guffybach: @ikramarki Setya Novanto klo nomer indosat pulsanya abis, diisiin sama owner Telkomsel. Begitu juga sebaliknya #ThePowerOfSe…', 'setya novanto nomer indosat pulsa habis diisiin owner telkomsel begitu', 0, '', 1, ' habis'),
(220, '@IndosatCare nomor saya masih blm bisa dipakai untuk internet sejak indosat eror minggu lalu. Lemot sekali. Harus bolak balik restart spy bs', 'nomor pakai internet indosat eror minggu lemah otak bolak', 0, '', 2, ' eror lemah'),
(221, '@IndosatCare halo indosat sy 2x ini bli pkt data di bukalapak, saat sms pkt data diproses tiba2 ada sms internet /kb pdhal saya pk wifi', 'halo indosat rnya bli pkt data bukalapak sms pkt data proses tiba sms internet kb pdhal jahat kelamin wifi', 0, '', 1, ' jahat'),
(222, 'Jual paket internet murah INDOSAT XL TRI, yuk kepoin whatsapp 085777770587.. id kaskus: fahrisya', 'jual paket internet murah indosat xl tri ayo poin whatsapp id kaskus fahrisya', 1, ' murah', 0, ''),
(223, 'RT @guffybach: @ikramarki Setya Novanto klo nomer indosat pulsanya abis, diisiin sama owner Telkomsel. Begitu juga sebaliknya #ThePowerOfSe…', 'setya novanto nomer indosat pulsa habis diisiin owner telkomsel begitu', 0, '', 1, ' habis'),
(224, '@IndosatCare slmt malam. Kenapa di kota saya indosat kalo mati lampu sinyal hilang. Dan 4gnya lambat.', 'selamat malam kota indosat mati lampu sinyal hilang agnya lambat', 1, ' selamat', 2, ' mati lambat'),
(225, 'Pagi min @IndosatCare paket internet indosat klo tinggal seminggu lelet bgt yah? Padahal kuota masih banyak', 'pagi min paket internet indosat tinggal minggu lambat banget yah kuota', 0, '', 1, ' lambat'),
(226, '@ccp_123 Hai Kak, Kami bisa bantu apa nih terkait Indosat? Share yuk detailnya via DM Kak. Terima kasih ^Anin https://t.co/akKvc8g2MI', 'hai kak bantu apa kait indosat share ayo detail via dm kak terima kasih anin', 1, ' terima', 0, ''),
(227, 'RT @OFCPrillversMLG: PRILLVERS Jgn lupa vote @PrillyBie \nVoting periode 19Sep - 19Okt 2017\nOperator:Telkomsel,Indosat,XL,M3,Smartfren. 1KAR…', 'prillvers lupa vote voting periode igsep - igokt operator telkomsel indosat xl me ikar', 0, '', 1, ' lupa'),
(228, '@IndosatCare Yth. Management indosat, sistem kalian bermasalah. Pulsa saya habis terpakai tapi saya tidak mendapatk… https://t.co/uuWUoNCcDO', 'yth management indosat sistem masalah pulsa habis pakai tapi mendapatk', 0, '', 2, ' masalah habis'),
(229, 'Kamu pake Indosat ya ??? Karena sinyal-sinyal cintamu sangat kuat sampai ke hatiku. @Nadila_JKT48', 'pakai indosat sinyal cinta kuat hati', 3, ' cinta kuat hati', 1, ' kuat'),
(230, '@eleveniacare Mhn bantuannya cek transaksiku di No Pesanan 201709091466319 pkt internet Indosat 4GB kok smp skr msh blm masuk ya. Thx', 'mohon bantu cek transaksi nomor pesan pkt internet indosat agb smp masuk terima kasih', 1, ' terima', 0, '');
INSERT INTO `data_tweet` (`id_tweet`, `tweet`, `hasil_preprocessing`, `positif`, `kata_positif`, `negatif`, `kata_negatif`) VALUES
(231, '\"Aku yakin banget kalau kamu pake kartu indosat..!! buktinya sinyal-sinyal cinta kamu begitu kuat banget menusuk ke jantung hati aku\"', 'aku yakin banget pakai indosat bukti sinyal cinta begitu kuat banget tusuk jantung hati aku', 4, ' yakin cinta kuat hati', 1, ' kuat'),
(232, '@IndosatCare mau upgrade kartu 3g ke 4g di galeri indosat ada bonusnya gak min?', 'upgrade eg ag galeri indosat bonus min', 1, ' bonus', 0, ''),
(233, 'RT @AdiraFinanceID: Akan ada 2 pemenang beruntung dari FB &amp; Twitter yang mendapatkan hadiah pulsa INDOSAT 25K dari Adira Finance.\n\n#KuisAdi…', 'menang untung facebook amp twitter hadiah pulsa indosat rsk adira finance', 3, ' menang untung hadiah', 0, ''),
(234, 'Ada yg ngalamin juga 4G indosat menyambungkan terus??? Kenapa yaah?? Nggak konek susah', 'ngalamin ag indosat sambung yaah konek susah', 0, '', 1, ' susah'),
(235, '@IndosatCare Mimiiiin udah mau seminggu lho jaringan 4G indosat msh gk bisa di pake!! Beneriin kek! Capee hati ni ngedumel muluk!!!B238', 'mimin minggu lho jaring ag indosat pakai beneriin capee hati ngedumel muluk ibbeb', 1, ' hati', 0, ''),
(236, '@IndosatCare min indosat lagi gangguan ya?cek mbankinh ga bisa pdhl di operator lain gpp,mau cek kuota paket harian juga ga bisa.Gmn nih min', 'min indosat ganggu cek mbankinh operator apa mau cek kuota paket hari gmn min', 0, '', 1, ' ganggu'),
(237, '@IndosatCare Ayo luncurkan promo-promo indosat mur4h internet,tlp,sms  bos. Biar pelanggan indosat ooredoo senang.', 'ayo luncur promo-promo indosat murah internet tlp sms bos biar langgan indosat ooredoo senang', 2, ' murah senang', 0, ''),
(238, '@IndosatCare malam min... indosat lg gangguan ya?', 'malam min indosat ganggu', 0, '', 1, ' ganggu'),
(239, '/rlt/ yg pake indosat itu pake kartu kuota tau paketan langsung? Saran dong pake im3 ?? Bagus mana', 'rlt pakai indosat pakai kuota paket langsung saran pakai ime bagus', 1, ' bagus', 0, ''),
(240, 'Indosat jaringannya error di jatiwaringin pondok gede', 'indosat jaring error jatiwaringin pondok gede', 0, '', 1, ' error'),
(241, 'Kenapa sms saya tiap hari pending kualitas indosat berkurang ...? Tolong diperbaiki @IndosatCare', 'sms pending kualitas indosat kurang tolong baik', 1, ' baik', 2, ' pending kurang'),
(242, 'Sinyal tai #indosat #axis', 'sinyal tai', 0, '', 1, ' tai'),
(243, '\"Aku yakin banget kalau kamu pake kartu indosat..!! buktinya sinyal-sinyal cinta kamu begitu kuat banget menusuk ke jantung hati aku\"', 'aku yakin banget pakai indosat bukti sinyal cinta begitu kuat banget tusuk jantung hati aku', 4, ' yakin cinta kuat hati', 1, ' kuat'),
(244, 'nanonanovi Hi Kak, untuk setingan APN bisa diisi INTERNET dan username Password dikosongkan ya. Thanks ^Rani — Indosat Ooredoo Care (Indos…', 'nanonanovi hai kak ting apn isi internet username password kosong terima kasih rani indosat ooredoo care indos', 1, ' terima', 0, ''),
(245, 'Indosat restart router dong, jaringan busuk nih.', 'indosat router jaring busuk', 0, '', 1, ' busuk'),
(246, '@rlthingy kalo gue udah demen banget indosat sih puas deh &gt;&lt;', 'suka banget indosat sih puas deh gt lt', 1, ' puas', 1, ' puas'),
(247, 'RT @AdiraFinanceID: Akan ada 2 pemenang beruntung dari FB &amp; Twitter yang mendapatkan hadiah pulsa INDOSAT 25K dari Adira Finance.\n\n#KuisAdi…', 'menang untung facebook amp twitter hadiah pulsa indosat rsk adira finance', 3, ' menang untung hadiah', 0, ''),
(248, '@Indosatcare 2 hari ini  Indosat jaringannya putus nyambung mulu , Not good, ora penak, cepetan dibenerin min capek hati &amp;pikiran kecewa aku lo', 'indosat jaring putus nyambung melulu not good ora penak cepetan dibenerin min capek hati amp pikir kecewa aku', 1, ' hati', 2, ' putus kecewa'),
(249, 'RT @AdiraFinanceID: Akan ada 2 pemenang beruntung dari FB &amp; Twitter yang mendapatkan hadiah pulsa INDOSAT 25K dari Adira Finance.\n\n#KuisAdi…', 'menang untung facebook amp twitter hadiah pulsa indosat rsk adira finance', 3, ' menang untung hadiah', 0, ''),
(250, '@minguardian @pledis_17 Sinyalnya nyendat2  lemot gara2 tmpatnya, ato gk krtu indosat yg ngeselin ????', 'sinyal nyendat-nyendat lemah otak gara-gara tmpatnya indosat ngeselin', 0, '', 1, ' lemah'),
(251, 'Indosat always sinyalnya astagfirullah aladzim??????jaringan 4G tapi begini???????? Lemot mengecewakan https://t.co/uNak4r5Zx8', 'indosat always sinyal astagfirullah aladzim jaring ag tapi begini lemah otak kecewa', 0, '', 2, ' lemah kecewa'),
(252, 'doniafriadi Pagi Kak, paket internet kami ada paket Super Internet, Paket Freedom Mini dan Freedom Combo. Thanks ^Rani', 'doniafriadi pagi kak paket internet paket super internet paket freedom mini freedom combo terima kasih rani', 2, ' super terima', 0, ''),
(253, 'Kamu pake Indosat ya ? Karena sinyal-sinyal cintamu sangat kuat sampai ke hatiku.', 'pakai indosat sinyal cinta kuat hati', 3, ' cinta kuat hati', 1, ' kuat'),
(254, '@IndosatCare min, minta tlng donk speed 4G indosat saya lemot bgt ini, masa 3G mlh lbh cepet buat apa 4G klo gtu… mengecewakan goblok banget https://t.co/yx9LgJ4hwg', 'min tlng speed ag indosat lemah otak banget eg mlh cepat apa ag gtu kecewa bodoh banget', 1, ' cepat', 3, ' lemah kecewa bodoh'),
(255, '@Eka_lesmana508 Malam kak, kami cek nomornya masih aktif nih. Bisa kok silakan datang ke Gerai Indosat terdekat. Tq ^Aji', 'malam kak cek nomor aktif sila gerai indosat dekat terima kasih aji', 1, ' terima', 0, ''),
(256, 'Sabar sabar lah gue pake kartu kampret indosat ini', 'sabar sabar pakai sial indosat', 2, ' sabar sabar', 3, ' sabar sabar sial'),
(257, '@indosatcare 085871541144 min no indosat saya masih bisa diaktifkan lagi tidak soalnya itu cuma kartu nya saja yang rusak .', 'min nomor indosat aktif soal rusak', 0, '', 1, ' rusak'),
(258, 'Balikpapan Kota Kelima Diluncurkannya Jaringan 4G LTE Indosat super kencang - https://t.co/N38XUAFDhs… https://t.co/cxhYHzVhrj #balikpapan', 'balikpapan kota luncur jaring ag lte indosat super kencang -', 2, ' super kencang', 0, ''),
(259, 'RT @guffybach: @ikramarki Setya Novanto klo nomer indosat pulsanya abis, diisiin sama owner Telkomsel. Begitu juga sebaliknya #ThePowerOfSe…', 'setya novanto nomer indosat pulsa habis diisiin owner telkomsel begitu', 0, '', 1, ' habis'),
(260, '@mayangtriasih Ternyata banyak yg ngalamin ya pulsa indosat kepotong sendiri habis sendiri.. gmn nih @IndosatCare ??? #pulsaindosatkepotongsendiri', 'nyata ngalamin pulsa indosat potong habis', 0, '', 1, ' habis'),
(261, 'RT @guffybach: @ikramarki Setya Novanto klo nomer indosat pulsanya abis, diisiin sama owner Telkomsel. Begitu juga sebaliknya #ThePowerOfSe…', 'setya novanto nomer indosat pulsa habis diisiin owner telkomsel begitu', 0, '', 1, ' habis'),
(262, '@IndosatCare hallo indosat, mau tny koneksi indosat sdg bermasalah ya? Sejak kmrn malam ga bisa pakai internet. Dan ga bisa kirim sms.Thanks', 'hallo indosat tnya koneksi indosat masalah kemarin malam pakai internet kirim sms thanks', 0, '', 1, ' masalah'),
(263, 'Indosat hari biasa parah bgt lemotnya. Ini ditambah hujan makin2 ya. Kzl.', 'indosat parah banget lot tambah hujan makin kzl', 0, '', 2, ' parah makin'),
(264, 'Tidak membantu sama sekali info indosat ini makin parah', 'bantu informasi indosat parah', 0, '', 1, ' parah'),
(265, '@petalspeach Hai kak, unt paket freedom plus tdk memiliki benefit telp gratis ke sesama Indosat ya kak. Salam ^dini', 'hai kak unt paket freedom plus milik benefit telepon gratis indosat kak salam dini', 1, ' gratis', 0, ''),
(266, 'Kalau untuk mengganti kartu SIM yang rusak, bisa di ganti di Galeri Indosat kan ? Syarat dan dokumen yg harus di bawa apa ya ? @IndosatCare', 'ganti sim rusak ganti galeri indosat syarat dokumen bawa apa', 0, '', 1, ' rusak'),
(267, 'Indosat parah banget min @IndosatCare masa  4G cuma 0.06 kbps ???? help https://t.co/jg736vZIv0', 'indosat parah banget min ag kbps help', 0, '', 1, ' parah'),
(268, '@ikramarki Setya Novanto klo nomer indosat pulsanya abis, diisiin sama owner Telkomsel. Begitu juga sebaliknya #ThePowerOfSetnov', 'setya novanto nomer indosat pulsa habis diisiin owner telkomsel begitu', 0, '', 1, ' habis'),
(269, '@rlthingy AXIS, 3, Indosat. Tapi sinyalnya busuk. ))', 'axis indosat tapi sinyal busuk', 0, '', 1, ' busuk'),
(270, '@rlthingy indosat parah ', 'indosat parah', 0, '', 1, ' parah'),
(271, '@IndosatCare Sudah dm dan masih menunggu jawaban dari indosat perihal internet saya yang 2 bulan ga jalan. Katanya mau diinfo secepatnya.', 'dm tunggu indosat perihal internet jalan info cepat', 1, ' cepat', 0, ''),
(272, 'Maaf kalomau nanya ada transaksi pemakaian pulsa di nomer indosat bisa gk ya ? @IM3Ooredoo', 'maaf kalomau transaksi pakai pulsa nomer indosat', 1, ' maaf', 0, ''),
(273, 'Test koneksi internet Indosat  Downloads kenceng tapi kurang stabil https://t.co/OD6URMVEqn', 'test koneksi internet indosat downloads kenceng tapi stabil', 2, ' kenceng stabil', 0, ''),
(274, '@IndosatCare Tiap diatas jam 12 malam sinyal langsung no service, sekalinya ada sinyal gak bisa internet, terima kasih indosat :)', 'atas jam malam sinyal langsung nomor service sekali sinyal internet terima kasih indosat senang', 2, ' terima senang', 0, ''),
(275, '@IndosatCare ini sinyal masih lemot aja ya njing, jgn cuma nanya doang nomer apa lokasi tapi perbaikannya mana INDOSAT TOLOL!!!', 'sinyal lemah otak njing nomer apa lokasi tapi baik indosat tolol', 1, ' baik', 2, ' lemah tolol'),
(276, '@andiska Indosat konek ?', 'indosat konek', 0, '', 0, ''),
(277, 'taemakr Pagi kak. Boleh DM nomor, lokasi dan sinyal internet atau telpon ya. Thanks ^Ari', 'taemakr pagi kak boleh dm nomor lokasi sinyal internet telpon terima kasih ari', 1, ' terima', 0, ''),
(278, 'Nomor Cantik iM3 Starter Pack Perdana... https://t.co/tInMvLWcGU', 'nomor cantik ime pack perdana', 1, ' cantik', 0, ''),
(279, 'RT @AdiraFinanceID: Akan ada 2 pemenang beruntung dari FB &amp; Twitter yang mendapatkan hadiah pulsa INDOSAT 25K dari Adira Finance.\n\n#KuisAdi…', 'menang untung facebook amp twitter hadiah pulsa indosat rsk adira finance', 3, ' menang untung hadiah', 0, ''),
(280, 'lodisanjaya_ Bisa DM nomor HP, paket internet apa, cara daftar, keterangan, pulsa kepotong. Thx ^Way', 'lodisanjaya dm nomor hp paket internet apa daftar terang pulsa potong terima kasih way', 2, ' terang terima', 0, ''),
(281, 'Sinyal indosat malam ini busuk sekali, saudara-saudara. ??', 'sinyal indosat malam busuk saudara', 0, '', 1, ' busuk'),
(282, 'Saat indosat super bapuk langsung pindah telkomsel lancar benerrrr', 'indosat super bapuk langsung pindah telkomsel lancar bener', 2, ' super lancar', 0, ''),
(283, 'Balikpapan Kota Kelima Diluncurkannya Jaringan 4G LTE Indosat super kencang- https://t.co/N38XUAFDhs… https://t.co/basSaOoBZq #balikpapan', 'balikpapan kota luncur jaring ag lte indosat super kencang-', 1, ' super', 0, ''),
(284, 'RT @chandra_dewi29: @andiarief__ Kalo PDIP berkuasa begini jadinya. Katanya Indosat mau di beli lagi lah kok malah BUMN yg lain mau di obra…', 'pdip kuasa begini indosat beli bumn obra', 1, ' kuasa', 0, ''),
(285, '@IndosatCare  Indosat lg error bukan ko buka aplikasi lama sih', 'indosat error buka aplikasi sih', 0, '', 1, ' error'),
(286, '@IndosatCare selamat malam, min saya mau tanya nih, untuk melihat masa tenggang kartu indosat bagaimana caranya yah??', 'selamat malam min tenggang indosat yah', 1, ' selamat', 0, ''),
(287, 'Yg mention k indosat care ma telkomsel beda bet. Indosat care marah marah urusan sinyal ilang. ??????', 'mention indosat care mama telkomsel beda banget indosat care marah marah urus sinyal hilang', 0, '', 2, ' marah marah'),
(288, '@nvndn__kim @pledis_17 Seriusan? Eh iya sih anak2 svt dulu pas fanmeeting pake indosat yak pas upload ke twitter di… https://t.co/HqitIXyPRZ', 'serius eh sih anak svt pas fanmeeting pakai indosat yak pas upload twitter di', 0, '', 1, ' serius'),
(289, 'Hai @IndosatCare \nBerapa sih kecepatan wajar dari 4G-nya Indosat? Saya tidak di pelosok lho. https://t.co/8VzTQgAaC9', 'hai sih cepat wajar ag-nya indosat pelosok lho', 1, ' cepat', 0, ''),
(290, 'RT @MochamadZakyFa2: @IndosatCare min, koneksi internet indosat di hp saya kok hilang ya mulai kemarin siang Posisi saya di jakarta selatan', 'min koneksi internet indosat hp hilang kemarin siang posisi selatan', 0, '', 0, ''),
(291, '@IM3Ooredoo knp sekarang inet indosat gak bisa di daerah jelambar jaya ya min ? Sudah 2 hari gak bisa akses internet. Tq', 'inet indosat daerah jambar jaya min akses internet terima kasih', 1, ' terima', 0, ''),
(292, '@IndosatCare kok di kalimantan jaringan data internet indosat lemot banget ya? padahal saya tinggal di perkotaan,juga datanya sering ngilang', 'kalimantan jaring data internet indosat lemah otak banget tinggal kota juga data ngilang', 0, '', 1, ' lemah'),
(293, 'RT @IM3Ooredoo: Penawaran terbatas sd 1 Okt! Hanya dgn langganan Super Plan di Gerai Indosat Ooredoo, kamu bs dpt SMARTPHONE GRATIS! https:…', 'tawar batas sd okt langgan super plan gerai indosat ooredoo gratis https', 3, ' tawar super gratis', 0, ''),
(294, '@IndosatCare min nomor indosat bokap gw kok internet nya lemot banget katanya min, 085771587435 nomornya', 'min nomor indosat ayah internet lemah otak banget min nomor', 0, '', 1, ' lemah'),
(295, 'Hadeh internet d rumah lagi buluk amat, ga indihome ga indosat sma2 lg suram', 'hadeh internet rumah buluk indihome indosat sma-sma suram', 0, '', 1, ' suram'),
(296, '@ustadtengkuzul Katanya buy back Indosat! Hoax', 'buy back indosat isu bohong', 0, '', 2, ' isu bohong'),
(297, '@IndosatCare halo indosat sudah beberapa hari sinyal lte/3g jelek nihh gimana ?', 'halo indosat sinyal lte eg jelek nihh', 0, '', 1, ' jelek'),
(298, 'RT @AdiraFinanceID: Akan ada 2 pemenang beruntung dari FB &amp; Twitter yang mendapatkan hadiah pulsa INDOSAT 25K dari Adira Finance.\n\n#KuisAdi…', 'menang untung facebook amp twitter hadiah pulsa indosat rsk adira finance', 3, ' menang untung hadiah', 0, ''),
(299, '@IndosatCare min, paket internet yg M itu dapat geratis telpon sesama Indosat gak? Tq', 'min paket internet gerat telpon indosat terima kasih', 1, ' terima', 0, ''),
(300, 'Jaringan Indosat di Berau gak stabil belum bisa ngeMoba ??', 'jaring indosat rau stabil ngemoba', 1, ' stabil', 0, ''),
(301, '@IndosatCare Indosat kenapa sih? udah 2 hari setiap 7 kesana internet lemot? main game online pun gak bisa??? hadeeeeeh', 'indosat sih kesana internet lemah otak main game online hadeh', 0, '', 1, ' lemah'),
(302, 'Maaf mba paket internet saya sudah ga pake indosat lagi, no indosat cuman buat sms an aja  https://t.co/JF4uriH1NM', 'maaf mbak paket internet pakai indosat nomor indosat cuma sms an', 1, ' maaf', 0, ''),
(303, 'chandrasikofet Bisa jadi saat kakak akses internet muncul iklan pop up, tanpa sengaja kakak terklik tombol langganan kak. ^Emma', 'chandrasikofet kakak akses internet muncul iklan pop up sengaja kakak klik tombol langgan kak emma', 1, ' sengaja', 1, ' klik'),
(304, 'indosat super internet 4,5GB https://t.co/gGoGnVlVso #indosat #indosatsuperinternet #seo #web 089635111111', 'indosat super internet sgb', 1, ' super', 0, ''),
(305, 'Paket internet indosat juga sama saja kampret. Mari listrik ga bisa connect. Indonesia di kelola monyet kali. .', 'paket internet indosat sial mari listrik connect indonesia kelola monyet kali', 0, '', 1, ' sial'),
(306, '@IndosatCare, baru tau kalau ada penyesuaian tarif internet freedom combo yah? Ampun deh... Semakin mahal saja internet indosat.', 'sesuai tarif internet freedom combo yah ampun deh mahal internet indosat', 1, ' sesuai', 2, ' ampun mahal'),
(307, '@IndosatCare nomor Indosat saya mengalami gangguan jaringan internet 4G nya lambat', 'nomor indosat alami ganggu jaring internet ag lambat', 0, '', 2, ' ganggu lambat'),
(308, 'RT @OFCPrillversMLG: PRILLVERS Jgn lupa vote @PrillyBie \nVoting periode 19Sep - 19Okt 2017\nOperator:Telkomsel,Indosat,XL,M3,Smartfren. 1KAR…', 'prillvers lupa vote voting periode igsep - igokt operator telkomsel indosat xl me ikar', 0, '', 1, ' lupa'),
(309, '@IndosatCare kasihan follower saya harus dibanjiri tweet keluhan ke Indosat\n@YLKI_ID', 'kasihan follower banjir tweet keluh indosat', 0, '', 1, ' kasihan'),
(310, '@IndosatCare selamat malam. Untuk nomor indosat saya tidak dpt mengakses internet. Padahal sudah terdaftar paket inet. Thx', 'selamat malam nomor indosat akses internet daftar paket inet terima kasih', 2, ' selamat terima', 0, ''),
(311, 'RT @OFCPrillversMLG: PRILLVERS Jgn lupa vote @PrillyBie \nVoting periode 19Sep - 19Okt 2017\nOperator:Telkomsel,Indosat,XL,M3,Smartfren. 1KAR…', 'prillvers lupa vote voting periode igsep - igokt operator telkomsel indosat xl me ikar', 0, '', 1, ' lupa'),
(312, 'Koneksi lemot dasar indosat', 'koneksi lemah otak dasar indosat', 0, '', 1, ' lemah'),
(313, 'indosat super internet 4,5GB https://t.co/ahMF0OQ20L #indosat #indosatsuperinternet #seo #web sms/wa089635111111 #olshop #pulsa', 'indosat super internet sgb sms waobggesi', 1, ' super', 0, ''),
(314, '@IndosatCare indosat sinyal terlambat lemot parah yg pernah ada', 'indosat sinyal lambat lemah otak parah', 0, '', 3, ' lambat lemah parah'),
(315, 'RT @AdiraFinanceID: Akan ada 2 pemenang beruntung dari FB &amp; Twitter yang mendapatkan hadiah pulsa INDOSAT 25K dari Adira Finance.\n\n#KuisAdi…', 'menang untung facebook amp twitter hadiah pulsa indosat rsk adira finance', 3, ' menang untung hadiah', 0, ''),
(316, '@IM3Ooredoo jaringan indosat di ciapus kenapa yah? Ciapus tamansari bogor jawa barat. Terima kasih.', 'jaring indosat ciapus yah ciapus tamansari bogor jawa barat terima kasih', 2, ' jawa terima', 0, ''),
(317, 'Dr kmrn sinyal indosat parah bgt, 4G tp reconect terus..\nGmn ini @IndosatCare', 'kemarin sinyal indosat parah banget ag tapi reconect', 0, '', 1, ' parah'),
(318, 'RT @IM3OoredooJBR: Penawaran terbatas sd 1 Okt! Hanya dgn langganan Super Plan di Gerai Indosat Ooredoo, kamu bs dpt SMARTPHONE GRATIS! htt…', 'tawar batas sd okt langgan super plan gerai indosat ooredoo gratis htt', 3, ' tawar super gratis', 0, ''),
(319, '@IndosatCare Kmrn sy dpt tlp dr indosat prihal no sy berkesempatan jd no pascabayar &amp; bonus xxxl setelah aktivasi 1x24jam.', 'kemarin telepon indosat prihal nomor sempat nomor pascabayar amp bonus xl aktivasi ixixajam', 1, ' bonus', 0, ''),
(320, 'Indosat is so bad in Bekasi', 'indosat is so bad in bekas', 0, '', 1, ' bekas'),
(321, 'rafikarahmi Bisa info mau daftar paket internet apa, cara daftar, pulsa sudah terpotong belum? Thx ^Way', 'rafikarahmi informasi daftar paket internet apa daftar pulsa potong terima kasih way', 1, ' terima', 0, ''),
(322, '@IndosatCare indosat sedang bermasalah utk daerah kebon pedes kota bogor kah? Udah 2 hari susah utk konek internet, kuota masih ada. Trims.', 'indosat masalah daerah kebon pedes kota bogor kah susah konek internet kuota terima kasih', 1, ' terima', 2, ' masalah susah'),
(323, '2 fantastic Leaders in Indosat .. @alexanderrusli  and @RudyDali .. terima kasih utk semuanya.. bangga sudah jadi I… https://t.co/ZcMn0eSoD8', 'fantastic leaders in indosat and terima kasih bangga i', 2, ' terima bangga', 0, ''),
(324, 'duh tiptop rwmngn tuh blackhole nya indosat jir gaada sinyal dong nanti', 'aduh tiptop rwmngn blackhole indosat anjing uang sinyal', 0, '', 1, ' anjing'),
(325, '@IndosatCare mohon bantuan mengapa sinyal internet indosat di daerah Perum Villa Tatira, Tigaraksa, Tangerang akhir2 ini buruk.', 'mohon bantu sinyal internet indosat daerah perum villa tatira tigaraksa tangerang akhir buruk', 0, '', 1, ' buruk'),
(326, 'Sinyal indosat @IndosatCare ini semakin lama makin menyedihkan, skrg jgnkan 3G, H+ aja turun naik. Bapuk.', 'sinyal indosat sedih eg turun bapuk', 0, '', 1, ' sedih'),
(327, 'Dgn kata lain, pak @alexanderrusli sukses (kembali) bikin indosat jd operator no.2 terbesar di indonesia', 'sukses kembali bikin indosat operator nomor besar indonesia', 2, ' sukses besar', 1, ' kembali'),
(328, 'Internet indosat lagi jelek-jeleknya', 'internet indosat jelek', 0, '', 1, ' jelek'),
(329, '@IndosatCare mohon bantuan mengapa sinyal internet indosat di daerah Perum Villa Tatira, Tigaraksa, Tangerang akhir2 ini buruk.', 'mohon bantu sinyal internet indosat daerah perum villa tatira tigaraksa tangerang akhir buruk', 0, '', 1, ' buruk'),
(330, 'kontakBRI: isnaerem Selamat sore. Provider yang dapat digunakan untuk layanan Internet Banking adalah Indosat, Telkomsel, XL, AXIS dan Tri.…', 'kontakbri isnaerem selamat sore provider layan internet banking indosat telkomsel xl axis tri', 1, ' selamat', 0, ''),
(331, '@IndosatCare knpa no m3 ade saya gak pernh dapat penawaran kuota internet hemat padahl sudah jadi pelanggan indosat slama 7th', 'nomor me ade pernh tawar kuota internet hemat padahl langgan indosat slama jth', 2, ' tawar hemat', 1, ' hemat'),
(332, '@IndosatCare internet saya kok makin lemot ya daripada sebelumnya. Ada kendalah lah di Indosat', 'internet lemah otak kendalah indosat', 0, '', 1, ' lemah'),
(333, 'Gw gak tau sampe dimana revitalisasi jaringan bts mereka, tp klo dilihat lap keu stlh itu, menunjukkan indosat mulai membaik', 'mana revitalisasi jaring bts tapi lap keu indosat baik', 1, ' baik', 0, ''),
(334, 'Balikpapan Kota Kelima Diluncurkannya Jaringan 4G LTE Indosat super kencang- https://t.co/N38XUAFDhs… https://t.co/b344H5ic0q #balikpapan', 'balikpapan kota luncur jaring ag lte indosat super kencang-', 1, ' super', 0, ''),
(335, 'Gak slah klo awal2nya indosat merugi ckp bsr. Capex-nya aja bs bikin bleeding yg lmyn plus terdepresiasi pula utangnya dlm bentuk dollar', 'slah awalawalnya indosat rugi bsr capex-nya bikin bleeding lumayan plus depresiasi utang bentuk dollar', 1, ' lumayan', 0, ''),
(336, 'Saya menambahkan video ke playlist @YouTube https://t.co/3wdjWSHzpO cara internet gratis indosat di android 2017 Paling Ampuh Edisi', 'video playlist internet gratis indosat android ampuh edisi', 1, ' gratis', 0, ''),
(337, '@IndosatCare mau baca https://t.co/03w4sWIHMG saja susah. Kecewa dgn jaringan indosat, signal penuh tp internet kyk siput.\"', 'baca susah kecewa jaring indosat signal penuh tapi internet siput', 1, ' penuh', 4, ' susah kecewa penuh siput'),
(338, 'Indosat sinyal cacat njir_- #KWF2017', 'indosat sinyal cacat njir -', 0, '', 1, ' cacat'),
(339, 'indosat super internet 4,5GB https://t.co/ahMF0OQ20L #indosat #indosatsuperinternet #seo #web sms/wa089635111111 #olshop #pulsa', 'indosat super internet sgb sms waobggesi', 1, ' super', 0, ''),
(340, '@IndosatCare min, paket freedom internet plus itu ada bebas telp & sms dgn sesama indosat nya ga?\"', 'min paket freedom internet plus bebas telepon sms indosat', 1, ' bebas', 0, ''),
(341, 'Hmmm indosat makin parah aja. Buat internet makin lelet di tambah gk bisa buat transferpulsa. Hmmm lama2 indosat... https://t.co/GVS2TDX6Db', 'hm indosat parah internet lambat transferpulsa hm lama indosat', 0, '', 3, ' parah lambat lama'),
(342, '@IndosatCare kalo tidak salah sejak hari minggu, dan seterusnya mendapat sms dri indosat pulsa berkurang karena pemakaian internet', 'salah minggu sms indosat pulsa kurang pakai internet', 0, '', 2, ' salah kurang'),
(343, 'RT @IM3Ooredoo: Penawaran terbatas sd 1 Okt! Hanya dgn langganan Super Plan di Gerai Indosat Ooredoo, kamu bs dpt SMARTPHONE GRATIS! https:…', 'tawar batas sd okt langgan super plan gerai indosat ooredoo gratis https', 3, ' tawar super gratis', 0, ''),
(344, '@IndosatCare selamat malam indosat saya punya keluhan masalah jaringan internet kok lemot banget ya pdhl kuota ada bnyak tlng diperbaiki tq', 'selamat malam indosat keluh jaring internet lemah otak banget kuota bnyak tlng baik terima kasih', 3, ' selamat baik terima', 1, ' lemah'),
(345, 'Indosat itu menyedot pulsa ngga bilang ya.. didiemin sms nyedot pulsa masuk terus. mau kaya tapi nipu.  Ckck.. @IndosatCare @IndosatOoredoo', 'indosat sedot pulsa bilang didiemin sms nyedot pulsa masuk kaya tapi nipu ck', 1, ' kaya', 0, ''),
(346, '@IndosatCare kcewa dngan internet indosat sinyal h+ tapi speed lelet bgt hnya bsa buat chat,untuk fb aja susah,rugi saya beli kuota mahal2', 'kcewa dngan internet indosat sinyal tapi speed lambat banget chat untuk facebook susah rugi beli kuota mahal', 0, '', 3, ' lambat susah mahal'),
(347, 'selamat malam @IndosatCare apakah indosat ada layanan dedicated internet?', 'selamat malam apakah indosat layan dedicated internet', 1, ' selamat', 0, ''),
(348, '@IndosatCare kenapa akhir2 ini sinyal internet indosat jadi kurang memuaskan, mohon perbaikannya  saya daerah Cibiru Kota Bandung.', 'akhir sinyal internet indosat muas mohon baik daerah cibiru kota bandung', 1, ' baik', 0, ''),
(349, 'Sinyal internet indosat di rumah parongpong (iya, desa banget) lama2 makin menyedihkan. Ngetwit aja failed berkali2', 'sinyal internet indosat rumah parongpong iya desa banget lama sedih ngetwit failed kali', 0, '', 2, ' lama sedih'),
(350, 'Indosat lemottttt parah bangettt, biasa nya gak gini ??', 'indosat lot parah banget begini', 0, '', 1, ' parah'),
(351, 'indosat anjir lah... jaringan kek tai ?????? #KWF2017', 'indosat anjing jaring tai', 0, '', 2, ' anjing tai'),
(352, 'chilinad Hi ka, maaf banget ya kalo paket Super Internet memang ada pembagian kuotanya ka. ^iyos', 'chilinad hai kakak maaf banget paket super internet bagi kuota ka iyos', 2, ' maaf super', 0, ''),
(353, '((Indosat suka ngajak ribut sih bram ??)) https://t.co/EE3UFXJnS9', 'indosat suka ngajak ribut sih bram', 0, '', 1, ' ribut'),
(354, 'Gak berlangganan paket Indosat Internet, koq pulsa-ku disedot 30.000 sm Indosat. Aneh Indosat-ku ini. Apa krn Pulsa-ku bnyk ya?', 'langgan paket indosat internet pulsa sedot indosat aneh indosat-ku apa pulsa', 1, ' aneh', 1, ' aneh'),
(355, '@IndosatCare sdh 1 tahun gak sy pake nih internet dari indosat, ternyata gak berubah. Malah makin parah pelayanannya', 'pakai internet indosat nyata ubah parah layan', 0, '', 1, ' parah'),
(356, 'kecewa pkai indosat leletnya bkn main, engga tangung2 dijaringan 3G saja menyambungkn bhkan kluar sinyal edge,semoga ttp jaya @indosatcare', 'kecewa pkai indosat lelet main tangung-tangung jaring eg menyambungkn bhkan kluar sinyal edge moga jaya', 0, '', 1, ' kecewa'),
(357, 'RT @davidsanjayaaaa: @IndosatCare jaringan indosat saya kok ngak bisa di buat akses internet?', 'jaring indosat akses internet', 0, '', 0, ''),
(358, 'Indosat kalo jam segini udah mulai error sinyal nya )', 'indosat jam gin error sinyal', 0, '', 1, ' error'),
(359, 'indosat super internet 4,5GB https://t.co/gGoGnVlVso #indosat #indosatsuperinternet #seo #web 089635111111', 'indosat super internet sgb', 1, ' super', 0, ''),
(360, 'Anda tau min gimana terganggunya jaringan internet saya dari minggu-minggu kemaren ? Sangat mengganggu sekali ini indosat @IndosatCare', 'anda min ganggu jaring internet minggu kemarin ganggu indosat', 0, '', 2, ' ganggu ganggu'),
(361, 'RT @IM3Ooredoo: Penawaran terbatas sd 1 Okt! Hanya dgn langganan Super Plan di Gerai Indosat Ooredoo, kamu bs dpt SMARTPHONE GRATIS! https:…', 'tawar batas sd okt langgan super plan gerai indosat ooredoo gratis https', 3, ' tawar super gratis', 0, ''),
(362, 'Kamu pake Indosat ya ??? Karena sinyal-sinyal cintamu sangat kuat sampai ke hatiku. @SteffyChiBi #SUgombal', 'pakai indosat sinyal cinta kuat hati', 3, ' cinta kuat hati', 1, ' kuat'),
(363, 'ernedy_ Pagi kak, memang ada paket internet yang aktif tidak kak? Atau data selulernya sudah dimatikan? ^mily', 'ernedy pagi kak paket internet aktif kak data seluler mati mily', 0, '', 1, ' mati'),
(364, 'Indosat lagi eror atau gimana sih? Ko dr hari sabtu ga ada layanan terus @indosatcare', 'indosat eror sih sabtu layan', 0, '', 1, ' eror'),
(365, 'Sinyal indosat jan tai tenan', 'sinyal indosat jan tai tenan', 0, '', 1, ' tai'),
(366, 'rickyrich_j Bisa DM nomornya masih yang 6133? sinyal internet 3G/4G. Thx ^Way', 'rickyrich j dm nomor sinyal internet eg ag terima kasih way', 1, ' terima', 0, ''),
(367, '@IndosatCare min kok Internet Indosat beberapa hari ini lemot ya, padahal sinyal 4g, tapi kok lelet', 'min internet indosat lemah otak sinyal ag tapi lambat', 0, '', 2, ' lemah lambat'),
(368, '@IndosatCare susah akses internet oake indosat di jln mandala cijantung https://t.co/ltNmRTIdeA https://t.co/XTmkAXBrl1 (1/2)', 'susah akses internet oake indosat jalan mandala cijantung', 0, '', 1, ' susah'),
(369, 'Penawaran terbatas sd 1 Okt! Hanya dgn langganan Super Plan di Gerai Indosat Ooredoo, kamu bs dpt SMARTPHONE GRATIS… https://t.co/PTj3hLYPZ5', 'tawar batas sd okt langgan super plan gerai indosat ooredoo gratis', 3, ' tawar super gratis', 0, ''),
(370, 'devinalistyana Malam kak. Coba DM kami nama, nomor, jenis HP, lokasi dan sinyal untuk internet atau telpon ya? Thanks ^Ari', 'devinalistyana malam kak coba dm nama nomor jenis hp lokasi sinyal internet telpon terima kasih ari', 1, ' terima', 0, ''),
(371, 'RT detikcom \"Mau Ditinggal CEO, Ini Peluang dan Tantangan Indosat https://t.co/dPrNECDmdO https://t.co/lscME4OxjP\"', 'detikcom mau tinggal ceo peluang tantang indosat', 0, '', 0, ''),
(372, '@IndosatCare malam min. Apa indosat sedang ada gangguan atau tidak ? Soalnya sudah 3 hari ini internet nya super lemot sekali. Mohon di cek', 'malam min apa indosat ganggu soal internet super lemah otak mohon cek', 1, ' super', 2, ' ganggu lemah'),
(373, '@IndosatCare Kenapa ya, akhir-akhir ini internet indosat suka tiba-tiba nyala mati selang 2 detik? Download lewat google juga lambat.', 'akhir internet indosat suka tiba nyala mati selang detik download google lambat', 0, '', 3, ' mati selang lambat'),
(374, 'jaringan internet @IndosatCare mulai rese lg nih  kapan bisa bener\" stabilnya sih, gk nyaman bener pake indosat', 'jaring internet rese stabil sih nyaman pakai indosat', 2, ' stabil nyaman', 0, ''),
(375, 'indosat super internet 4,5GB https://t.co/gGoGnVlVso #indosat #indosatsuperinternet #seo #web 089635111111', 'indosat super internet sgb', 1, ' super', 0, ''),
(376, 'Min, perdana indosat yg paket internet kan ada bonus telpon ke sesama gratis selama 3bln tp ini blm ada 1 bln kok udh gabisa @IndosatCare', 'min perdana indosat paket internet bonus telpon gratis ebln tapi', 2, ' bonus gratis', 0, ''),
(377, '@IndosatCare sinyal internet indosat di denpasar dari kemarin malam ada gangguan ya? Soalnya internetan jadi lambat. Sekarang juga masih.', 'sinyal internet indosat denpasar kemarin malam ganggu soal internetan lambat', 0, '', 2, ' ganggu lambat'),
(378, '@IndosatCare @Diczkey Layanan Internet Indosat makin jelek', 'layan internet indosat jelek', 0, '', 1, ' jelek'),
(379, 'Balikpapan Kota Kelima Diluncurkannya Jaringan 4G LTE Indosat super kencang- https://t.co/N38XUAFDhs… https://t.co/vxxJaLOV7E #balikpapan', 'balikpapan kota luncur jaring ag lte indosat super kencang-', 1, ' super', 0, ''),
(380, '@IndosatCare mau tanya dong,,indosat di Bekasi timur knpa ya kok gak bisa internet ma jaringannya,,apa lagi ada gangguan,,', 'indosat bekas timur internet mama jaring apa ganggu', 0, '', 2, ' bekas ganggu'),
(381, 'Saya menambahkan video ke playlist @YouTube https://t.co/tVRHd2e674 Paket Murah Indosat Ooredoo | Internet Gratis', 'video playlist paket murah indosat ooredoo internet gratis', 2, ' murah gratis', 0, ''),
(382, 'Abdi teh kudu kumaha? Sabar sabar tapi teh teu aya hasilna, ttp wae lemot ini teh internet, goodbye indosat besok ganti provider!!!!', 'abdi kakak perempuan maha sabar sabar tapi kakak perempuan teu aya hasilna wae lemah otak kakak perempuan internet goodbye indosat besok ganti provider', 2, ' sabar sabar', 3, ' sabar sabar lemah'),
(383, 'MyIM3 keren banget bisa cek pulsa, tagihan,kuota internet,beli pkt data, dll. Yuk ah segera install MyIm3 di hp kamu\"', 'myime keren banget cek pulsa tagih kuota internet beli pkt data dll ayo ah install myime hp', 1, ' keren', 0, ''),
(384, 'Nyesel parah beli paket internet indosat, entah apa yg salah but is not good at high buildings.', 'nyesel parah beli paket internet indosat apa salah but is not good at high buildings', 0, '', 2, ' parah salah'),
(385, 'Strategi Indosat Manjakan Pelanggan Dengan Paket Lengkap dari SMS, Telpon Hingga Internet https://t.co/hKyL5uMZrq', 'strategi indosat manja langgan paket lengkap sms telpon internet', 1, ' manja', 2, ' manja lengkap'),
(386, 'Kadang heran sama para CSnya Indosat. Kira2 mereka pake provider Indosat jg ndak ya buat koneksi internet? #netizenbertanya', 'kadang heran csnya indosat pakai provider indosat koneksi internet', 1, ' heran', 0, ''),
(387, 'Murah. Perdana Internet Indosat 9GB 2... https://t.co/DXtUngNWC5', 'murah perdana internet indosat ggb', 1, ' murah', 0, ''),
(388, '@IndosatCare Hi Indosat care sudah 2 bulan ini saya gagal beli paket.  Freedom Combo atau Freedom internet.  Please help.', 'hai indosat care gagal beli paket freedom combo freedom internet please help', 0, '', 1, ' gagal'),
(389, 'IndosatCare: aldhie_bogor Ka, bedanya utk Freedom Internet plus tdk ada bonus telpon unlimited ke Indosat. Pulsanya kami cek dulu. Tunggu u…', 'indosatcare aldhie bogor kakak beda freedom internet plus bonus telpon unlimited indosat pulsa cek tunggu u', 1, ' bonus', 0, ''),
(390, '@IndosatCare min tlg, ini indosat lg gangguan apa? Tab mama saya sama hape saya gada sambungan jar. Internet . https://t.co/dw3omwsWPc', 'min tolong indosat ganggu apa tab mama hape gada sambung jar internet', 0, '', 1, ' ganggu'),
(391, 'indosat super internet 4,5GB https://t.co/ahMF0OQ20L #indosat #indosatsuperinternet #seo #web sms/wa089635111111 #olshop #pulsa', 'indosat super internet sgb sms waobggesi', 1, ' super', 0, ''),
(392, 'Indosat rampok, kecolongan pakai internet tanpa paket cuma 3,3mb langsung kemakan 20rb. @IndosatCare https://t.co/7fC2tVcdCt', 'indosat rampok colong pakai internet paket emb langsung makan rorb', 0, '', 0, ''),
(393, '@plentoenk89 @IndosatCare @IM3 pie carane tung?? wong indosat e wae ngmng rak biso...', 'pie carane tung indosat wae bicara rak biso', 1, ' rak', 0, ''),
(394, 'RT @IM3Ooredoo: Penawaran terbatas sd 1 Okt! Hanya dgn langganan Super Plan di Gerai Indosat Ooredoo, kamu bs dpt SMARTPHONE GRATIS! https:…', 'tawar batas sd okt langgan super plan gerai indosat ooredoo gratis https', 3, ' tawar super gratis', 0, ''),
(395, '@IsatOoredooTBN tolong d perbaiki y signal indosat di punggulrejo rengel tuban kok gk pernah bagus,', 'tolong baik signal indosat punggulrejo rengel tuban bagus', 2, ' baik bagus', 0, ''),
(396, 'Kamu pake Indosat ya ??? Karena sinyal-sinyal cintamu sangat kuat sampai ke hatiku.', 'pakai indosat sinyal cinta kuat hati', 3, ' cinta kuat hati', 1, ' kuat'),
(397, '@IndosatCare min TD ada yg tlp sy Katanya dari Indosat Ooredoo. Tp setelah sy angkt &amp; tny nm sy langsung mati', 'min telepon indosat ooredoo tapi angkt amp tnya nm langsung mati', 0, '', 1, ' mati'),
(398, 'RT @IM3Ooredoo: Penawaran terbatas sd 1 Okt! Hanya dgn langganan Super Plan di Gerai Indosat Ooredoo, kamu bs dpt SMARTPHONE GRATIS! https:…', 'tawar batas sd okt langgan super plan gerai indosat ooredoo gratis https', 3, ' tawar super gratis', 0, ''),
(399, '@IndosatCare selamat malam min, mohon koneksi internet indosat lebih di perbagus lagi. Makasih', 'selamat malam min mohon koneksi internet indosat bagus terima kasih', 3, ' selamat bagus terima', 0, ''),
(400, 'Hujan dan sinyal Indosat layaknya kita yang tidak pernah bisa bersatu', 'hujan sinyal indosat layak satu', 1, ' layak', 0, ''),
(401, 'RT @IM3Ooredoo: Penawaran terbatas sd 1 Okt! Hanya dgn langganan Super Plan di Gerai Indosat Ooredoo, kamu bs dpt SMARTPHONE GRATIS! https:…', 'tawar batas sd okt langgan super plan gerai indosat ooredoo gratis https', 3, ' tawar super gratis', 0, ''),
(402, '@IndosatCare min selain nyuruh buka web Indosat, ada kalimat lain gak  buat jelasin arti bonus kuota hingga 10 GB di freedom internet plus ?', 'min nyuruh buka web indosat kalimat jelasin bonus kuota gb freedom internet plus', 1, ' bonus', 0, ''),
(403, 'Indosat.. tolong saya dibantu proses perpanjangan otomatis Paket Internet, PULSA saya CUKUP, sisa Kuota Utama 3,41GB, kenapa Paket Diputus?', 'indosat tolong bantu proses panjang otomatis paket internet pulsa sisa kuota utama aigb paket putus', 0, '', 2, ' panjang putus'),
(404, 'Min kok indosat jaringan internet  lelet banget yaaa? @IndosatCare', 'min indosat jaring internet lambat banget ya', 0, '', 1, ' lambat'),
(405, '@IndosatCare pas proses unreg berhasil dan sy mau pindah layanan paket indosat, tiba2 muncul sms pemakain pulsa internet 61900', 'pas proses unreg hasil pindah layan paket indosat tiba muncul sms pemakain pulsa internet', 0, '', 0, ''),
(406, '@IndosatBusiness @IndosatCare  CS Indosat muter-muter gak jelas. Gak mau terima info bahwa dilokasi yg saya sebutka… https://t.co/odpcRCjjGi', 'cs indosat muter-muter terima informasi lokasi sebutka', 1, ' terima', 0, ''),
(407, '@dnlwkrt di kantin Indosat, yg depan patung kuda parah:\"))', 'kantin indosat patung kuda parah', 0, '', 2, ' patung parah'),
(408, 'indosat super internet 4,5GB https://t.co/ahMF0OQ20L #indosat #indosatsuperinternet #seo #web sms/wa089635111111 #olshop #pulsa', 'indosat super internet sgb sms waobggesi', 1, ' super', 0, ''),
(409, 'Balikpapan Kota Kelima Diluncurkannya Jaringan 4G LTE Indosat super ngebut- https://t.co/N38XUAFDhs… https://t.co/lLkW884v1S #balikpapan', 'balikpapan kota luncur jaring ag lte indosat super ngebut-', 1, ' super', 0, ''),
(410, 'Dear @IndosatCare knp ya sinyal indosat di rumah saya sangat jelek? Kalaupun ada sinyal, jarang sekali dapat 4G', 'dear sinyal indosat rumah jelek sinyal jarang ag', 0, '', 1, ' jelek'),
(411, 'Sudah 2x24 jam pun kartu Indosat masih bermasalah. Pulsa kesedot sampe ludes. Internet 17GB ga berguna sama sekali. Gimana min? @IndosatCare', 'rxrxa jam indosat masalah pulsa sedot ludes internet ijgb guna min', 0, '', 1, ' masalah'),
(412, 'Indosat Freedom Combo juga Bonus kuota malam hingga 10GB, buruan #herupulsa https://t.co/UhDwd9IlVp\"', 'indosat freedom combo bonus kuota malam iogb buru', 1, ' bonus', 0, ''),
(413, '@Putriariiska17 Enaknya put ?? sayangnya ditempatku indosat masih edge ??', 'enak put sayang tempat indosat edge', 2, ' enak sayang', 0, ''),
(414, 'Cari kuota internet Indosat Ooredoo murah? Di serbaPay aja!!! https://t.co/IMGGJWkaqq  #forumku @forumkucom', 'cari kuota internet indosat ooredoo murah serbapay', 1, ' murah', 0, ''),
(415, 'Pulsa dan paket internet indosat oredoo tersedia lengkap dengan jaminan harga lebih murah dari harga operator https://t.co/VcfUTjJxyp', 'pulsa paket internet indosat oredoo sedia lengkap jamin harga murah harga operator', 1, ' murah', 1, ' lengkap'),
(416, '@IndosatCare min,, ini sinyal Indosat lgi error ya??', 'min sinyal indosat error', 0, '', 1, ' error'),
(417, '@IndosatCare SAYA TIDAK PUNYA KERJAAN LAIN SELAIN TWIT KESINI BIAR INTERNET SAYA LANCAR TIAP HARI SENENG BGT  PAKE  INDOSAT @IM3Ooredoo', 'kerja twit kesini biar internet lancar neng banget pakai indosat', 1, ' lancar', 0, ''),
(418, '@IndosatCare seperti ada yg pakai penguat sinyal disini , semua nomor indosat susah akses internet .. jika keluar… https://t.co/wH4mFEOnMO', 'pakai kuat sinyal nomor indosat susah akses internet keluar', 1, ' kuat', 3, ' kuat susah keluar'),
(419, 'Jangan sampe pake provider mahal lg kalo udah ada indosat di hp mu.\n#AppsdanRp1\n#B\n#Rp1Lampung\n#kerjaseru', 'pakai provider mahal indosat hp mu', 0, '', 1, ' mahal'),
(420, 'Paketan internet indosat yang 100rb apa aja ya min @IndosatCare Makasih', 'paket internet indosat ioorb apa min terima kasih', 1, ' terima', 0, ''),
(421, '@chaprizal Maaf sekali kak, bisa di coba untuk cek fisik kartu ya kak ke Gerai Indosat terdekat kak. Dg membawa KTP asli saat reg kak. ^dini', 'maaf kak coba cek fisik kak gerai indosat dekat kak bawa ktp asli register kak dini', 2, ' maaf asli', 0, ''),
(422, '@IndosatCare internet indosat saya down terus. Sedang ada problem apa ya. Tologg bantuannya', 'internet indosat down problem apa tologg bantu', 0, '', 1, ' down'),
(423, 'RT @IM3Ooredoo: Penawaran terbatas sd 1 Okt! Hanya dgn langganan Super Plan di Gerai Indosat Ooredoo, kamu bs dpt SMARTPHONE GRATIS! https:…', 'tawar batas sd okt langgan super plan gerai indosat ooredoo gratis https', 3, ' tawar super gratis', 0, ''),
(424, '@IndosatCare Terima kasih indosat sudah memberikan solusi untk jaringan internet saya..semakin sukses...', 'terima kasih indosat solusi jaring internet sukses', 2, ' terima sukses', 0, ''),
(425, 'Penawaran terbatas sd 1 Okt! Hanya dgn langganan Super Plan di Gerai Indosat Ooredoo, kamu bs dpt SMARTPHONE GRATIS… https://t.co/rIlonFKUgo', 'tawar batas sd okt langgan super plan gerai indosat ooredoo gratis', 3, ' tawar super gratis', 0, ''),
(426, 'Cara mendapatkan kuota internet murah indosat https://t.co/440eW2bMy9 lewat @YouTube', 'kuota internet murah indosat', 1, ' murah', 0, ''),
(427, 'RT @IJNU_satu: @IndosatCare @ummugo_mugo Halah mbel Min Indosat... Sinyalmu paling busukk sak Endonesa.\n\nOpo towermu gawe wet kates heh?', 'halah mbel min indosat sinyal busukk sak endonesa opo towermu kerja wet kates heh', 0, '', 0, ''),
(428, 'nathaniajoyce Hi kak, bisa pastikan nomornya ga terdaftar paket internet dulu ya. Thanks ^Rio', 'nathaniajoyce hai kak pasti nomor daftar paket internet terima kasih rio', 2, ' pasti terima', 1, ' pasti'),
(429, 'selamat sore @IndosatCare , bagaimana melakukan pembayaran via atm bca bg pelanggan pascabayar? krn trk ad opsi indosat di atm bca .thxb4', 'selamat sore bayar via atm bca abang langgan pascabayar trk opsi indosat atm bca thxba', 1, ' selamat', 0, ''),
(430, 'Yang murah tapi kualitas gak murahan?Indosat kan?\n#AppsdanRp1\n#B\n#Rp1Lampung\n#kerjaseru', 'murah tapi kualitas murah indosat', 2, ' murah murah', 0, ''),
(431, '@IndosatCare Terima kasih sudah diunreg. Mohon untuk tidak tibatiba ada iring ya indosat krn nomor ini untuk bekerj… https://t.co/jZMVOBi0FY', 'terima kasih diunreg mohon tibatiba iring indosat nomor bekerj', 1, ' terima', 0, ''),
(432, 'nyoba pake internet indosat, naudzubillah busuknya.', 'nyoba pakai internet indosat naudzubillah busuk', 0, '', 1, ' busuk'),
(433, 'wp_carddaptor Bisa DM nomor HP, paket internet apa, cara daftar, keterangan, pulsanya. Thx ^Way', 'wp carddaptor dm nomor hp paket internet apa daftar terang pulsa terima kasih way', 2, ' terang terima', 0, ''),
(434, '@IndosatCare hai min sinyal indosat mau gini gini aja gituhhh parah amat', 'hai min sinyal indosat begini begini gituh parah', 0, '', 1, ' parah'),
(435, 'Anjirr telat gak dpt trik indosat....makane kok akeh wong adol paketan dadakan......', 'anjirr lambat trik indosat akeh adol paket dada', 0, '', 1, ' lambat'),
(436, '@IndosatCare Min ini indosat kenapa lagi yah? Kok akses internet yaa lama sekali yaa', 'min indosat yah akses internet yaa yaa', 0, '', 0, ''),
(437, 'Surat Cinta q ke Indosat bener2 ampuh! ??????\nKudu diancem dulu baru sadar!', 'surat cinta indosat bener-bener ampuh diancem sadar', 1, ' cinta', 0, ''),
(438, '@IndosatCare sepertinya emang indosat yg lagi error nih sinyal atau kartu ku. Bs dibantu ga biar bs akses internet lg', 'indosat error sinyal ku bantu biar akses internet', 0, '', 1, ' error'),
(439, '@IndosatCare min mau tanya dong indosat knp signalnya jelek banget ya ?', 'min indosat signalnya jelek banget', 0, '', 1, ' jelek'),
(440, 'bebindtjan Hi kak, data rollover berlaku untuk paket Freedom Combo dan Paket Internet bulanan regular aja ya kak. Makasih ^Tomo', 'bebindtjan hai kak data rollover laku paket freedom combo paket internet bulan regular kak terima kasih tomo', 1, ' terima', 0, ''),
(441, '@rajapatubosi @IndosatCare entahlah..indosat sikoq spt ini..hp oppo saya udh on off khan sebentar cpt seben… https://t.co/UzyLwAbSMf', 'sikoq oppo on off sebentar cepat seben', 1, ' cepat', 0, ''),
(442, 'Sejak hacker menjebol website Telkomsel jaringan internet jadi sering gangguan ya? Pindah ke Indosat dulu sementara', 'hacker jebol website telkomsel jaring internet ganggu pindah indosat', 0, '', 1, ' ganggu'),
(443, 'Sindir Tarif Kuota Internet Telkomsel Mahal, Indosat IM3 Ooredoo Banjir Hujatan Netizen… https://t.co/WAqSmhugmd', 'sindir tarif kuota internet telkomsel mahal indosat ime ooredoo banjir hujat netizen', 0, '', 2, ' mahal hujat'),
(444, '@IndosatCare  indosat memang lagi gangguan ya ? Kuota internet saya sama sekali gak bisa dipakai padahal sinyal H+..', 'indosat ganggu kuota internet pakai sinyal', 0, '', 1, ' ganggu'),
(445, 'Siqnal 4G Indosat Ooredoo di daerah rumah saya hanya 1 baris atau 2 baris, hal ini sangat mempengaruhi kualitas akses internet & telp/sms', 'siqnal ag indosat ooredoo daerah rumah baris baris pengaruh kualitas akses internet telp sms', 1, ' pengaruh', 0, ''),
(446, '@rajapatubosi @IndosatCare ya error...sinyal naik turun apalagi buat smartphone Oppo F1S dulu hp ku LG L80 juga spt… https://t.co/u5A8p4fMHA', 'error turun apalagi oppo fis hp ku lbo spt', 0, '', 1, ' error'),
(447, 'indosat super internet 4,5GB https://t.co/gGoGnVlVso #indosat #indosatsuperinternet #seo #web 089635111111', 'indosat super internet sgb', 1, ' super', 0, ''),
(448, 'RT @adoeenn: Mau Tanya Bpk. @alexanderrusli ,Sinyal Internet Indosat kenapa makin lama Makin ANCUR JELEK BGT Ya ??, Ud Thn 2017 jaringannya…', 'bpk sinyal internet indosat hancur jelek banget jaring', 0, '', 2, ' hancur jelek'),
(449, '@IndosatCare hp oppo F1S ternyata ga cocok utk jaringan indosat ya..masa 10 GB lebih kuota sinyal naik turun?', 'hp oppo fis nyata cocok jaring indosat gb kuota sinyal turun', 1, ' cocok', 0, ''),
(450, '@IndosatCare indosat memang lg gangguan ya ? Kuota internet saya susah sekali gak bisa dipakai gak konek pdhl sinyal H+ , mohon tanggapannya', 'indosat ganggu kuota internet susah pakai konek sinyal mohon tanggap', 0, '', 2, ' ganggu susah'),
(451, 'RT @erasmus_bessie: Makin lama internet indosat makin menyebalkan. Awal pake indosat 4G, whuuii kecepatanya ok bgt! Eh, sekarang lelet kaya…', 'internet indosat sebal pakai indosat ag whuuii kecepatanya ok banget eh lambat kaya', 1, ' kaya', 1, ' lambat'),
(452, 'indosat super internet 4,5GB https://t.co/gGoGnVlVso #indosat #indosatsuperinternet #seo #web 089635111111', 'indosat super internet sgb', 1, ' super', 0, ''),
(453, '@IndosatCare @novee_lie Kl dm ku ko gak di balas ? Apa indosat lg error ??', 'dm ku balas apa indosat error', 0, '', 1, ' error'),
(454, '@IndosatCare internet di daerah cipayung jaktim malam ini 5 sept 2017 lemot bgt kedua nmr indosat begitu nomor saya kedua duanya', 'internet daerah cipayung jaktim malam sept lemah otak banget nomor indosat begitu nomor dua', 0, '', 1, ' lemah'),
(455, 'Ih ku ga cs banget sama indosat kalo buat internet mah. Lama banget :(', 'ih ku cs banget indosat internet mah banget sedih', 0, '', 2, ' ih sedih'),
(456, '@IndosatCare saya stres pakai kartu indosat kalian ini, saya dm gak di respon. Bagaimana ini ?? Apa admin lagi ikut demo ya ?', 'stres pakai indosat dm respon apa admin demo', 0, '', 1, ' stres'),
(457, '\"Aku yakin banget kalau kamu pake kartu indosat..!! buktinya sinyal-sinyal cinta kamu begitu kuat banget menusuk ke jantung hati aku\"', 'aku yakin banget pakai indosat bukti sinyal cinta begitu kuat banget tusuk jantung hati aku', 4, ' yakin cinta kuat hati', 1, ' kuat'),
(458, 'Kamu pake Indosat ya ??? Karena sinyal-sinyal cintamu sangat kuat sampai ke hatiku.', 'pakai indosat sinyal cinta kuat hati', 3, ' cinta kuat hati', 1, ' kuat'),
(459, '@IndosatCare Apakah rool over bisa digunakan untuk semua paket internet indosat? Bagaimana dengan paket internet super kuota?', 'apakah rool over paket internet indosat paket internet super kuota', 1, ' super', 0, ''),
(460, 'RirisAndarini belum ada Kak, kalo paket internet yang khusus WA aja. :) ^Joy', 'ririsandarini kak paket internet khusus wa senang joy', 2, ' khusus senang', 1, ' khusus'),
(461, '@IndosatCare Indosat lagi gangguan atau gimana ya? Saya mau daftar freedom combo kok tidak bisa2 dari tadi?', 'indosat ganggu daftar freedom combo bisa', 0, '', 1, ' ganggu'),
(462, 'zaff378 Sudah coba lakukan saran kami sebelumnya kak? Krn itu untuk memudahkan dlm mengakses internet menggunakan jaringan Indosat kak^mily', 'zaffejb coba laku saran kak mudah akses internet jaring indosat kak mily', 1, ' mudah', 0, ''),
(463, '@krida_pw Padahal indosat keuangannya lagi bagus krid ngan loba promo ga jelas. Sisanya masih sama aja euy bakal kek gini jg haha', 'indosat uang bagus krid ngan loba promo sisa euy begini tertawa', 1, ' bagus', 0, ''),
(464, '@rebsiburian @IndosatCare Wkwkwkwkwk emang ntan @rebsiburian pelayanan @IndosatCare itu jelek bangeett | nyesel aku pake paket indosat', 'wk ntan layan jelek bangeett nyesel aku pakai paket indosat', 0, '', 1, ' jelek'),
(465, '@IndosatCare : mlm min.untuk pembelian paket freedom internet plus apkh dpt gratis tlf kesesama indosat?', 'mlm min untuk beli paket freedom internet plus apkh gratis tlf sama indosat', 1, ' gratis', 0, ''),
(466, 'RT @IM3OoredooMTR: Hari ini! Ayo ke gerai Indosat Ooredoo terdekat &amp; miliki Samsung Galaxy Note 8 hanya dgn Super Plan &amp; harga istimewa htt…', 'ayo gerai indosat ooredoo dekat amp milik samsung galaxy note super plan amp harga istimewa htt', 2, ' super istimewa', 0, ''),
(467, '@krida_pw Okay krid semoga cpt beres masalahna jeung si indosat hahaha', 'okay krid moga cepat beres masalahna jeung si indosat ha', 1, ' cepat', 0, ''),
(468, '@IndosatCare sekarang koq M banking semakin sulit dengan indosat', 'banking sulit indosat', 1, ' sulit', 1, ' sulit'),
(469, '@IndosatCare sore..knp ya sya ga bsa dftar pket promo yg ditawarkan indosat pdhal berlaku smpek tgl 30?', 'sore sya dftar pket promo tawar indosat pdhal laku smpek tanggal', 1, ' tawar', 0, ''),
(470, 'INDOSAT DARI SEMALEM JARINGANNYA GA BENER!!! PARAH', 'indosat semalem jaring parah', 0, '', 1, ' parah'),
(471, 'Yuk pakai myIM3, bisa isi ulang, beli pkt internet, sampai byr tagihan BPJS. Aplikasi keren& inovatif indosat ooredoo https://t.co/2bU8Zilo1a\"', 'ayo pakai myime isi ulang beli pkt internet bayar tagih bpjs aplikasi keren inovatif indosat ooredoo', 2, ' keren inovatif', 1, ' ulang'),
(472, 'ini speed 4G Indosat, @IndosatCare parah https://t.co/rMMXjJdcM7', 'speed ag indosat parah', 0, '', 1, ' parah');
INSERT INTO `data_tweet` (`id_tweet`, `tweet`, `hasil_preprocessing`, `positif`, `kata_positif`, `negatif`, `kata_negatif`) VALUES
(473, 'Aplikasi ini gampang banget loh menggunakannya, mau beli paket internet ga pake capek ga pake susah tinggal klik ', 'aplikasi gampang banget loh guna beli paket internet pakai capek pakai susah tinggal klik', 0, '', 2, ' susah klik'),
(474, '@IndosatCare Sinyal min, udah 3 hari ini sinyal indosat lg jelek banget', 'sinyal min sinyal indosat jelek banget', 0, '', 1, ' jelek'),
(475, '@IndosatCare Min indosat lagi gangguan yah? Kira² gangguannya sampe kapan?', 'min indosat ganggu yah kira ganggu', 0, '', 2, ' ganggu ganggu'),
(476, 'RT @dennysubagya: Ayo instal aplikasi myIM3 di hp kamu.kemudahan cek pulsa, kuota dan beli pket internet byk diskon.  Semua jd mudah. https…\"', 'ayo instal aplikasi myime hp mudah cek pulsa kuota beli pket internet diskon mudah https', 2, ' mudah mudah', 0, ''),
(477, 'Apa yg lebih sampah dari internet indosat? Wifi UNAI sodara sodara. Wifi UNAI. Sucks. Besok fix balik ke XL', 'apa sampah internet indosat wifi unai sodara sodara wifi unai sucks besok finya xl', 0, '', 1, ' sampah'),
(478, 'Indosat culture is mesen G0jek at wc mall bcos sinyal di wc lebih bagus daripada sinyal di hallway mall', 'indosat culture is mesen gojek at wc mall bcos sinyal wc bagus sinyal hallway mall', 1, ' bagus', 0, ''),
(479, '@Arianinda_ indosat juga smnjk  dibajak gegara nyindir yg bikin kantong bolong itu :3 3G mulu gak connect ke internet :3', 'indosat smnjk bajak gegara nyindir bikin kantong bolong eg melulu connect internet', 0, '', 0, ''),
(480, '@NiamAlaikFahmy Hai kak Niam, maaf bgt ni kak saat ini upgrade kartu hny bisa di lakukan di gerai Indosat kak,silahkan ke gerai kak. ^Hevi', 'hai kak niam maaf banget kak upgrade laku gerai indosat kak silah gerai kak hevi', 1, ' maaf', 0, ''),
(481, 'RT @MeinNameistMia: 4G loh ini. Baru registrasi paket internet Indosat lagi hari ini, kirain udah mendingan..taunya makin parah main kecewa.  @IndosatCare…', 'ag loh registrasi paket internet indosat kirain mending parah main kecewa', 0, '', 2, ' parah kecewa'),
(482, 'Makin lama internet indosat makin menyebalkan. Awal pake indosat 4G, whuuii kecepatanya ok bgt! Eh, sekarang lelet kayak 2G @IndosatCare', 'internet indosat sebal pakai indosat ag whuuii kecepatanya ok banget eh lambat kayak rg', 0, '', 1, ' lambat'),
(483, '@IndosatCare please info kenapa dari semalam jaringan internet sy mati sampai sekarang? apa memang sedang ada gangguan dr indosat?', 'please informasi malam jaring internet mati apa ganggu indosat', 0, '', 2, ' mati ganggu'),
(484, 'irwanblr Hallo Kak, untuk perubahan paket data dilakukan agar akses internet lebih maksimal ya :) ^Rani', 'irwanblr hallo kak ubah paket data akses internet maksimal senang rani', 1, ' senang', 0, ''),
(485, '@IndosatCare  pagi indosat . . kak tolong bntu dong  non aktifin pket internet harian . . .terima kasih', 'pagi indosat kak tolong bntu non aktifin pket internet hari terima kasih', 1, ' terima', 0, ''),
(486, '@HaloBCA min dari tadi saya mau transfer via mbankingkok g bisa2 yah? Ada notif gini\"Ota error please call indosat\"apa indpsatnya lgi error', 'min transfer via mbankingkok bisa yah notif begini ota error please call indosat apa indpsatnya error', 0, '', 2, ' error error'),
(487, 'Min @IndosatCare kenapa jaringan internet indosat saya gak stabil ya? Kadang H, kadang H+, kadang not connected padahal biasanya 4G. Makasih', 'min jaring internet indosat stabil kadang kadang kadang not connected ag terima kasih', 2, ' stabil terima', 0, ''),
(488, '@RidoKsatria @IndosatCare Paket internet terjangkau dan bonus banyak. #indosat #HarPelNas2017', 'paket internet jangkau bonus', 1, ' bonus', 0, ''),
(489, '@IndosatCare terima kasih atas bantuannya ya fast respon...  sukses buat indosat????', 'terima kasih bantu fast respon sukses indosat', 2, ' terima sukses', 0, ''),
(490, '@IndosatCare Saya coba mengirim keluhan masalah sinyal yang parah lewat website Indosat Ooredo dan ternyata tidak bisa dikirim! @IndosatCare… https://t.co/3Fm6DEE3d7', 'coba kirim keluh sinyal parah website indosat ooredo nyata kirim', 0, '', 1, ' parah'),
(491, '@IndosatCare Sudah ribuan kali sinyal Indosat di titik yg sama kembali lemot dan lemot, semprul sekali memang dapat perlakuan begini.', 'ribu kali sinyal indosat titik lemah otak lemah otak semprul laku begini', 0, '', 2, ' lemah lemah'),
(492, 'Balikpapan Kota Kelima Diluncurkannya Jaringan 4G LTE Indosat super kencang - https://t.co/VV1uEjZwLP (Siaran Pers) https://t.co/y2ZR5ba9Jm', 'balikpapan kota luncur jaring ag lte indosat super kencang - siar pers', 2, ' super kencang', 0, ''),
(493, 'Indosat ooredoo murah bangetttt #AppsdanRp1 #B #Rp1Lampung #kerjaseru', 'indosat ooredoo murah banget', 1, ' murah', 0, ''),
(494, 'Signal 4G Indosat di Samarinda kok super lelet parah banget ya? @IndosatCare', 'signal ag indosat samarinda super lambat parah banget', 1, ' super', 2, ' lambat parah'),
(495, '@IndosatCare Complain ke Indosat susah banget, telp 185 / 02154388888 / 02130003000 saat pilih bicara dgn operator langsung nada sibuk semua', 'complain indosat susah banget telepon pilih bicara operator langsung nada sibuk', 0, '', 1, ' susah'),
(496, '@TelkomCare sy byr indihome via m banking akhir nya ter klik ke indosat.,sy telp 147 ter nyata blm terbayar.mohon i… https://t.co/ouTWBj6VTf', 'bayar indihome via banking ter klik indosat sy telepon ter nyata bayar mohon i', 0, '', 1, ' klik'),
(497, 'Balikpapan Kota Kelima Diluncurkannya Jaringan 4G LTE Indosat super kencang - https://t.co/bbLSDkOoxe (Siaran Pers) https://t.co/S9GCVytagT', 'balikpapan kota luncur jaring ag lte indosat super kencang - siar pers', 2, ' super kencang', 0, ''),
(498, 'RT @AdiraFinanceID: Akan ada 2 pemenang beruntung dari FB &amp; Twitter yang mendapatkan hadiah pulsa INDOSAT 25K dari Adira Finance.\n\n#KuisAdi…', 'menang untung facebook amp twitter hadiah pulsa indosat rsk adira finance', 3, ' menang untung hadiah', 0, ''),
(499, 'RT @AdiraFinanceID: Akan ada 2 pemenang beruntung dari FB &amp; Twitter yang mendapatkan hadiah pulsa INDOSAT 25K dari Adira Finance.\n\n#KuisAdi…', 'menang untung facebook amp twitter hadiah pulsa indosat rsk adira finance', 3, ' menang untung hadiah', 0, ''),
(500, 'Lepas Jabatan CEO Indosat, Alexander Rusli Mau Kemana? https://t.co/rwWnXH3BRr https://t.co/pehqWwnF7T', 'lepas jabat ceo indosat alexander rusli mana', 0, '', 1, ' lepas');

-- --------------------------------------------------------

--
-- Struktur dari tabel `hasil_klaster`
--

CREATE TABLE `hasil_klaster` (
  `id_tweet` int(10) NOT NULL,
  `id_klaster` varchar(5) NOT NULL
) ENGINE=InnoDB DEFAULT CHARSET=latin1;

--
-- Dumping data untuk tabel `hasil_klaster`
--

INSERT INTO `hasil_klaster` (`id_tweet`, `id_klaster`) VALUES
(3, 'C1'),
(6, 'C1'),
(7, 'C1'),
(8, 'C1'),
(9, 'C1'),
(10, 'C1'),
(11, 'C1'),
(15, 'C1'),
(17, 'C1'),
(18, 'C1'),
(21, 'C1'),
(23, 'C1'),
(24, 'C1'),
(25, 'C1'),
(27, 'C1'),
(30, 'C1'),
(31, 'C1'),
(32, 'C1'),
(33, 'C1'),
(34, 'C1'),
(35, 'C1'),
(38, 'C1'),
(39, 'C1'),
(40, 'C1'),
(42, 'C1'),
(43, 'C1'),
(45, 'C1'),
(47, 'C1'),
(48, 'C1'),
(50, 'C1'),
(51, 'C1'),
(52, 'C1'),
(57, 'C1'),
(58, 'C1'),
(59, 'C1'),
(61, 'C1'),
(63, 'C1'),
(65, 'C1'),
(67, 'C1'),
(69, 'C1'),
(70, 'C1'),
(74, 'C1'),
(75, 'C1'),
(76, 'C1'),
(77, 'C1'),
(78, 'C1'),
(81, 'C1'),
(84, 'C1'),
(88, 'C1'),
(92, 'C1'),
(95, 'C1'),
(96, 'C1'),
(99, 'C1'),
(101, 'C1'),
(104, 'C1'),
(105, 'C1'),
(106, 'C1'),
(110, 'C1'),
(111, 'C1'),
(112, 'C1'),
(114, 'C1'),
(115, 'C1'),
(117, 'C1'),
(118, 'C1'),
(119, 'C1'),
(120, 'C1'),
(122, 'C1'),
(124, 'C1'),
(126, 'C1'),
(129, 'C1'),
(131, 'C1'),
(132, 'C1'),
(133, 'C1'),
(136, 'C1'),
(137, 'C1'),
(139, 'C1'),
(140, 'C1'),
(141, 'C1'),
(142, 'C1'),
(151, 'C1'),
(152, 'C1'),
(156, 'C1'),
(157, 'C1'),
(161, 'C1'),
(163, 'C1'),
(164, 'C1'),
(165, 'C1'),
(166, 'C1'),
(167, 'C1'),
(168, 'C1'),
(172, 'C1'),
(173, 'C1'),
(174, 'C1'),
(175, 'C1'),
(179, 'C1'),
(181, 'C1'),
(183, 'C1'),
(186, 'C1'),
(188, 'C1'),
(189, 'C1'),
(190, 'C1'),
(192, 'C1'),
(195, 'C1'),
(196, 'C1'),
(200, 'C1'),
(201, 'C1'),
(203, 'C1'),
(204, 'C1'),
(205, 'C1'),
(206, 'C1'),
(208, 'C1'),
(212, 'C1'),
(213, 'C1'),
(218, 'C1'),
(222, 'C1'),
(224, 'C1'),
(226, 'C1'),
(229, 'C1'),
(230, 'C1'),
(231, 'C1'),
(232, 'C1'),
(233, 'C1'),
(235, 'C1'),
(237, 'C1'),
(239, 'C1'),
(241, 'C1'),
(243, 'C1'),
(244, 'C1'),
(246, 'C1'),
(247, 'C1'),
(248, 'C1'),
(249, 'C1'),
(252, 'C1'),
(253, 'C1'),
(255, 'C1'),
(256, 'C1'),
(258, 'C1'),
(265, 'C1'),
(271, 'C1'),
(272, 'C1'),
(273, 'C1'),
(274, 'C1'),
(275, 'C1'),
(277, 'C1'),
(278, 'C1'),
(279, 'C1'),
(280, 'C1'),
(282, 'C1'),
(283, 'C1'),
(284, 'C1'),
(286, 'C1'),
(289, 'C1'),
(291, 'C1'),
(293, 'C1'),
(298, 'C1'),
(299, 'C1'),
(300, 'C1'),
(302, 'C1'),
(303, 'C1'),
(304, 'C1'),
(306, 'C1'),
(310, 'C1'),
(313, 'C1'),
(315, 'C1'),
(316, 'C1'),
(318, 'C1'),
(319, 'C1'),
(321, 'C1'),
(322, 'C1'),
(323, 'C1'),
(327, 'C1'),
(330, 'C1'),
(331, 'C1'),
(333, 'C1'),
(334, 'C1'),
(335, 'C1'),
(336, 'C1'),
(339, 'C1'),
(340, 'C1'),
(343, 'C1'),
(344, 'C1'),
(345, 'C1'),
(347, 'C1'),
(348, 'C1'),
(352, 'C1'),
(354, 'C1'),
(359, 'C1'),
(361, 'C1'),
(362, 'C1'),
(366, 'C1'),
(369, 'C1'),
(370, 'C1'),
(372, 'C1'),
(374, 'C1'),
(375, 'C1'),
(376, 'C1'),
(379, 'C1'),
(381, 'C1'),
(382, 'C1'),
(383, 'C1'),
(385, 'C1'),
(386, 'C1'),
(387, 'C1'),
(389, 'C1'),
(391, 'C1'),
(393, 'C1'),
(394, 'C1'),
(395, 'C1'),
(396, 'C1'),
(398, 'C1'),
(399, 'C1'),
(400, 'C1'),
(401, 'C1'),
(402, 'C1'),
(406, 'C1'),
(408, 'C1'),
(409, 'C1'),
(412, 'C1'),
(413, 'C1'),
(414, 'C1'),
(415, 'C1'),
(417, 'C1'),
(420, 'C1'),
(421, 'C1'),
(423, 'C1'),
(424, 'C1'),
(425, 'C1'),
(426, 'C1'),
(428, 'C1'),
(429, 'C1'),
(430, 'C1'),
(431, 'C1'),
(433, 'C1'),
(437, 'C1'),
(440, 'C1'),
(441, 'C1'),
(445, 'C1'),
(447, 'C1'),
(449, 'C1'),
(451, 'C1'),
(452, 'C1'),
(457, 'C1'),
(458, 'C1'),
(459, 'C1'),
(460, 'C1'),
(462, 'C1'),
(463, 'C1'),
(465, 'C1'),
(466, 'C1'),
(467, 'C1'),
(468, 'C1'),
(469, 'C1'),
(471, 'C1'),
(476, 'C1'),
(478, 'C1'),
(480, 'C1'),
(484, 'C1'),
(485, 'C1'),
(487, 'C1'),
(488, 'C1'),
(489, 'C1'),
(492, 'C1'),
(493, 'C1'),
(494, 'C1'),
(497, 'C1'),
(498, 'C1'),
(499, 'C1'),
(1, 'C2'),
(2, 'C2'),
(4, 'C2'),
(5, 'C2'),
(12, 'C2'),
(13, 'C2'),
(14, 'C2'),
(16, 'C2'),
(19, 'C2'),
(20, 'C2'),
(22, 'C2'),
(26, 'C2'),
(28, 'C2'),
(29, 'C2'),
(36, 'C2'),
(37, 'C2'),
(41, 'C2'),
(44, 'C2'),
(46, 'C2'),
(49, 'C2'),
(53, 'C2'),
(54, 'C2'),
(55, 'C2'),
(56, 'C2'),
(60, 'C2'),
(62, 'C2'),
(64, 'C2'),
(66, 'C2'),
(68, 'C2'),
(71, 'C2'),
(72, 'C2'),
(73, 'C2'),
(79, 'C2'),
(80, 'C2'),
(82, 'C2'),
(83, 'C2'),
(85, 'C2'),
(86, 'C2'),
(87, 'C2'),
(89, 'C2'),
(90, 'C2'),
(91, 'C2'),
(93, 'C2'),
(94, 'C2'),
(97, 'C2'),
(98, 'C2'),
(100, 'C2'),
(102, 'C2'),
(103, 'C2'),
(107, 'C2'),
(108, 'C2'),
(109, 'C2'),
(113, 'C2'),
(116, 'C2'),
(121, 'C2'),
(123, 'C2'),
(125, 'C2'),
(127, 'C2'),
(128, 'C2'),
(130, 'C2'),
(134, 'C2'),
(135, 'C2'),
(138, 'C2'),
(143, 'C2'),
(144, 'C2'),
(145, 'C2'),
(146, 'C2'),
(147, 'C2'),
(148, 'C2'),
(149, 'C2'),
(150, 'C2'),
(153, 'C2'),
(154, 'C2'),
(155, 'C2'),
(158, 'C2'),
(159, 'C2'),
(160, 'C2'),
(162, 'C2'),
(169, 'C2'),
(170, 'C2'),
(171, 'C2'),
(176, 'C2'),
(177, 'C2'),
(178, 'C2'),
(180, 'C2'),
(182, 'C2'),
(184, 'C2'),
(185, 'C2'),
(187, 'C2'),
(191, 'C2'),
(193, 'C2'),
(194, 'C2'),
(197, 'C2'),
(198, 'C2'),
(199, 'C2'),
(202, 'C2'),
(207, 'C2'),
(209, 'C2'),
(210, 'C2'),
(211, 'C2'),
(214, 'C2'),
(215, 'C2'),
(216, 'C2'),
(217, 'C2'),
(219, 'C2'),
(220, 'C2'),
(221, 'C2'),
(223, 'C2'),
(225, 'C2'),
(227, 'C2'),
(228, 'C2'),
(234, 'C2'),
(236, 'C2'),
(238, 'C2'),
(240, 'C2'),
(242, 'C2'),
(245, 'C2'),
(250, 'C2'),
(251, 'C2'),
(254, 'C2'),
(257, 'C2'),
(259, 'C2'),
(260, 'C2'),
(261, 'C2'),
(262, 'C2'),
(263, 'C2'),
(264, 'C2'),
(266, 'C2'),
(267, 'C2'),
(268, 'C2'),
(269, 'C2'),
(270, 'C2'),
(276, 'C2'),
(281, 'C2'),
(285, 'C2'),
(287, 'C2'),
(288, 'C2'),
(290, 'C2'),
(292, 'C2'),
(294, 'C2'),
(295, 'C2'),
(296, 'C2'),
(297, 'C2'),
(301, 'C2'),
(305, 'C2'),
(307, 'C2'),
(308, 'C2'),
(309, 'C2'),
(311, 'C2'),
(312, 'C2'),
(314, 'C2'),
(317, 'C2'),
(320, 'C2'),
(324, 'C2'),
(325, 'C2'),
(326, 'C2'),
(328, 'C2'),
(329, 'C2'),
(332, 'C2'),
(337, 'C2'),
(338, 'C2'),
(341, 'C2'),
(342, 'C2'),
(346, 'C2'),
(349, 'C2'),
(350, 'C2'),
(351, 'C2'),
(353, 'C2'),
(355, 'C2'),
(356, 'C2'),
(357, 'C2'),
(358, 'C2'),
(360, 'C2'),
(363, 'C2'),
(364, 'C2'),
(365, 'C2'),
(367, 'C2'),
(368, 'C2'),
(371, 'C2'),
(373, 'C2'),
(377, 'C2'),
(378, 'C2'),
(380, 'C2'),
(384, 'C2'),
(388, 'C2'),
(390, 'C2'),
(392, 'C2'),
(397, 'C2'),
(403, 'C2'),
(404, 'C2'),
(405, 'C2'),
(407, 'C2'),
(410, 'C2'),
(411, 'C2'),
(416, 'C2'),
(418, 'C2'),
(419, 'C2'),
(422, 'C2'),
(427, 'C2'),
(432, 'C2'),
(434, 'C2'),
(435, 'C2'),
(436, 'C2'),
(438, 'C2'),
(439, 'C2'),
(442, 'C2'),
(443, 'C2'),
(444, 'C2'),
(446, 'C2'),
(448, 'C2'),
(450, 'C2'),
(453, 'C2'),
(454, 'C2'),
(455, 'C2'),
(456, 'C2'),
(461, 'C2'),
(464, 'C2'),
(470, 'C2'),
(472, 'C2'),
(473, 'C2'),
(474, 'C2'),
(475, 'C2'),
(477, 'C2'),
(479, 'C2'),
(481, 'C2'),
(482, 'C2'),
(483, 'C2'),
(486, 'C2'),
(490, 'C2'),
(491, 'C2'),
(495, 'C2'),
(496, 'C2'),
(500, 'C2');

-- --------------------------------------------------------

--
-- Struktur dari tabel `klaster`
--

CREATE TABLE `klaster` (
  `id_klaster` varchar(2) NOT NULL,
  `keterangan` varchar(20) NOT NULL
) ENGINE=InnoDB DEFAULT CHARSET=latin1;

--
-- Dumping data untuk tabel `klaster`
--

INSERT INTO `klaster` (`id_klaster`, `keterangan`) VALUES
('C1', 'positif'),
('C2', 'negatif');

--
-- Indexes for dumped tables
--

--
-- Indexes for table `centroid`
--
ALTER TABLE `centroid`
  ADD UNIQUE KEY `id_klaster` (`id_klaster`);

--
-- Indexes for table `data_testing`
--
ALTER TABLE `data_testing`
  ADD PRIMARY KEY (`id_data_testing`);

--
-- Indexes for table `data_training`
--
ALTER TABLE `data_training`
  ADD PRIMARY KEY (`id_data_training`);

--
-- Indexes for table `data_tweet`
--
ALTER TABLE `data_tweet`
  ADD PRIMARY KEY (`id_tweet`);

--
-- Indexes for table `hasil_klaster`
--
ALTER TABLE `hasil_klaster`
  ADD UNIQUE KEY `id_tweet` (`id_tweet`),
  ADD KEY `fk_klaster_2` (`id_klaster`);

--
-- Indexes for table `klaster`
--
ALTER TABLE `klaster`
  ADD PRIMARY KEY (`id_klaster`);

--
-- AUTO_INCREMENT for dumped tables
--

--
-- AUTO_INCREMENT for table `data_testing`
--
ALTER TABLE `data_testing`
  MODIFY `id_data_testing` int(10) NOT NULL AUTO_INCREMENT, AUTO_INCREMENT=101;
--
-- AUTO_INCREMENT for table `data_training`
--
ALTER TABLE `data_training`
  MODIFY `id_data_training` int(10) NOT NULL AUTO_INCREMENT, AUTO_INCREMENT=401;
--
-- AUTO_INCREMENT for table `data_tweet`
--
ALTER TABLE `data_tweet`
  MODIFY `id_tweet` int(10) NOT NULL AUTO_INCREMENT, AUTO_INCREMENT=501;
--
-- Ketidakleluasaan untuk tabel pelimpahan (Dumped Tables)
--

--
-- Ketidakleluasaan untuk tabel `centroid`
--
ALTER TABLE `centroid`
  ADD CONSTRAINT `fk_centroid` FOREIGN KEY (`id_klaster`) REFERENCES `klaster` (`id_klaster`) ON DELETE CASCADE ON UPDATE CASCADE;

--
-- Ketidakleluasaan untuk tabel `hasil_klaster`
--
ALTER TABLE `hasil_klaster`
  ADD CONSTRAINT `fk_hasil_klaster` FOREIGN KEY (`id_tweet`) REFERENCES `data_tweet` (`id_tweet`) ON DELETE CASCADE ON UPDATE CASCADE,
  ADD CONSTRAINT `fk_klaster` FOREIGN KEY (`id_klaster`) REFERENCES `klaster` (`id_klaster`) ON DELETE CASCADE ON UPDATE CASCADE,
  ADD CONSTRAINT `fk_klaster_2` FOREIGN KEY (`id_klaster`) REFERENCES `klaster` (`id_klaster`) ON DELETE CASCADE ON UPDATE CASCADE;
COMMIT;

/*!40101 SET CHARACTER_SET_CLIENT=@OLD_CHARACTER_SET_CLIENT */;
/*!40101 SET CHARACTER_SET_RESULTS=@OLD_CHARACTER_SET_RESULTS */;
/*!40101 SET COLLATION_CONNECTION=@OLD_COLLATION_CONNECTION */;
